Cat…leg prestacions ortoprotŠtiques - Novembre 2025;;;;;;;;;;;;;;;;;;
;;;;;;;;;;;;;;;;;;
Grup - codi;Grup - descripci¢;Subgrup - codi;Subgrup - descripci¢;Categoria - codi;Categoria aparell;Tipus de producte - codi;Tipus de producte ;Import m…xim de facturaci¢ (?);Aportaci¢ usuari/a (?);Aportaci¢ CatSalut (?);·mbit de prescripci¢ de l'aparell;Indicador informe cl¡nic;Classificaci¢ de l'aparell;Edat m¡nima;Edat m…xima;Indicador de bilateralitat;Indicador validaci¢ sanit…ria;Periodicitat prescripci¢ (mesos)
0406;Productes per a la ter…pia del limfedema;040606;Peces de compressi¢ per a bra‡os, cames i altres parts del cos per a limfedemes de membres;EPL 000;Suport de coll per a limfedema;EPL 000A;Suport de coll per a limfedema, a mida;132,41;30;102,41;H;N;M;--;--;S;N;6
0406;Productes per a la ter…pia del limfedema;040606;Peces de compressi¢ per a bra‡os, cames i altres parts del cos per a limfedemes de membres;EPL 010;M…scara per a limfedema;EPL 010A;M…scara oberta per a limfedema, a mida;313,98;30;283,98;H;N;M;--;--;S;N;6
0406;Productes per a la ter…pia del limfedema;040606;Peces de compressi¢ per a bra‡os, cames i altres parts del cos per a limfedemes de membres;EPL 010;M…scara per a limfedema;EPL 010B;M…scara oberta amb banda labial per a limfedema, a mida;334,36;30;304,36;H;N;M;--;--;S;N;6
0406;Productes per a la ter…pia del limfedema;040606;Peces de compressi¢ per a bra‡os, cames i altres parts del cos per a limfedemes de membres;EPL 010;M…scara per a limfedema;EPL 010C;M…scara amb obertura per a ulls, nas i boca per a limfedema, a mida;421,27;30;391,27;H;N;M;--;--;S;N;6
0406;Productes per a la ter…pia del limfedema;040606;Peces de compressi¢ per a bra‡os, cames i altres parts del cos per a limfedemes de membres;EPL 020;Samarreta per a limfedema;EPL 020A;Samarreta sense m…nigues per a limfedema de tronc, a mida;278,93;30;248,93;H;N;M;--;--;S;N;6
0406;Productes per a la ter…pia del limfedema;040606;Peces de compressi¢ per a bra‡os, cames i altres parts del cos per a limfedemes de membres;EPL 020;Samarreta per a limfedema;EPL 020B;Samarreta amb m…nigues llargues per a limfedema de tronc, a mida;469,49;30;439,49;H;N;M;--;--;S;N;6
0406;Productes per a la ter…pia del limfedema;040606;Peces de compressi¢ per a bra‡os, cames i altres parts del cos per a limfedemes de membres;EPL 030;Suport de mama per a afectaci¢ limf…tica;EPL 030A;Suport de mama per a afectaci¢ limf…tica, prefabricat;140;30;110;H;N;A;--;--;S;N;6
0406;Productes per a la ter…pia del limfedema;040606;Peces de compressi¢ per a bra‡os, cames i altres parts del cos per a limfedemes de membres;EPL 040;Guantellet i guant per a limfedema;EPL 040A;Guantellet per a limfedema, a mida;52,53;30;22,53;H;N;M;--;--;S;N;6
0406;Productes per a la ter…pia del limfedema;040606;Peces de compressi¢ per a bra‡os, cames i altres parts del cos per a limfedemes de membres;EPL 040;Guantellet i guant per a limfedema;EPL 040B;Guantellet per a limfedema, prefabricat;31,74;30;1,74;H;N;A;--;--;S;N;6
0406;Productes per a la ter…pia del limfedema;040606;Peces de compressi¢ per a bra‡os, cames i altres parts del cos per a limfedemes de membres;EPL 040;Guantellet i guant per a limfedema;EPL 040C;Guant sense protecci¢ distal per a limfedema, a mida;150,07;30;120,07;H;N;M;--;--;S;N;6
0406;Productes per a la ter…pia del limfedema;040606;Peces de compressi¢ per a bra‡os, cames i altres parts del cos per a limfedemes de membres;EPL 040;Guantellet i guant per a limfedema;EPL 040D;Guant sense protecci¢ distal per a limfedema, prefabricat;125,85;30;95,85;H;N;A;--;--;S;N;6
0406;Productes per a la ter…pia del limfedema;040606;Peces de compressi¢ per a bra‡os, cames i altres parts del cos per a limfedemes de membres;EPL 040;Guantellet i guant per a limfedema;EPL 040E;Guant amb protecci¢ distal per a limfedema, a mida;157,61;30;127,61;H;N;M;--;--;S;N;6
0406;Productes per a la ter…pia del limfedema;040606;Peces de compressi¢ per a bra‡os, cames i altres parts del cos per a limfedemes de membres;EPL 040;Guantellet i guant per a limfedema;EPL 040F;Guant fins al colze sense protecci¢ distal per a limfedema, a mida;175,25;30;145,25;H;N;M;--;--;S;N;6
0406;Productes per a la ter…pia del limfedema;040606;Peces de compressi¢ per a bra‡os, cames i altres parts del cos per a limfedemes de membres;EPL 040;Guantellet i guant per a limfedema;EPL 040G;Guant fins a colze amb protecci¢ distal per a limfedema, a mida;181,21;30;151,21;H;N;M;--;--;S;N;6
0406;Productes per a la ter…pia del limfedema;040606;Peces de compressi¢ per a bra‡os, cames i altres parts del cos per a limfedemes de membres;EPL 050;M…niga per a limfedema;EPL 050A;M…niga per a limfedema, a mida;108,7;30;78,7;H;N;M;--;--;S;N;6
0406;Productes per a la ter…pia del limfedema;040606;Peces de compressi¢ per a bra‡os, cames i altres parts del cos per a limfedemes de membres;EPL 050;M…niga per a limfedema;EPL 050B;M…niga per a limfedema, prefabricada;105,6;30;75,6;H;N;A;--;--;S;N;6
0406;Productes per a la ter…pia del limfedema;040606;Peces de compressi¢ per a bra‡os, cames i altres parts del cos per a limfedemes de membres;EPL 050;M…niga per a limfedema;EPL 050C;M…niga amb guantellet per a limfedema, a mida;147,94;30;117,94;H;N;M;--;--;S;N;6
0406;Productes per a la ter…pia del limfedema;040606;Peces de compressi¢ per a bra‡os, cames i altres parts del cos per a limfedemes de membres;EPL 050;M…niga per a limfedema;EPL 050D;M…niga amb guantellet per a limfedema, prefabricada;109,69;30;79,69;H;N;A;--;--;S;N;6
0406;Productes per a la ter…pia del limfedema;040606;Peces de compressi¢ per a bra‡os, cames i altres parts del cos per a limfedemes de membres;EPL 050;M…niga per a limfedema;EPL 050E;M…niga amb guant per a limfedema, a mida;232,57;30;202,57;H;N;M;--;--;S;N;6
0406;Productes per a la ter…pia del limfedema;040606;Peces de compressi¢ per a bra‡os, cames i altres parts del cos per a limfedemes de membres;EPL 050;M…niga per a limfedema;EPL 050F;M…niga abastant l'espatlla per a limfedema, a mida;154,47;30;124,47;H;N;M;--;--;S;N;6
0406;Productes per a la ter…pia del limfedema;040606;Peces de compressi¢ per a bra‡os, cames i altres parts del cos per a limfedemes de membres;EPL 050;M…niga per a limfedema;EPL 050G;M…niga abastant l'espatlla per a limfedema, prefabricada;121,79;30;91,79;H;N;A;--;--;S;N;6
0406;Productes per a la ter…pia del limfedema;040606;Peces de compressi¢ per a bra‡os, cames i altres parts del cos per a limfedemes de membres;EPL 050;M…niga per a limfedema;EPL 050H;M…niga abastant l'espatlla amb guantellet per a limfedema, a mida;213,66;30;183,66;H;N;M;--;--;S;N;6
0406;Productes per a la ter…pia del limfedema;040606;Peces de compressi¢ per a bra‡os, cames i altres parts del cos per a limfedemes de membres;EPL 050;M…niga per a limfedema;EPL 050I;M…niga abastant l'espatlla amb guantellet per a limfedema, prefabricada;174,96;30;144,96;H;N;A;--;--;S;N;6
0406;Productes per a la ter…pia del limfedema;040606;Peces de compressi¢ per a bra‡os, cames i altres parts del cos per a limfedemes de membres;EPL 050;M…niga per a limfedema;EPL 050J;M…niga abastant l'espatlla amb guant per a limfedema, a mida;298,73;30;268,73;H;N;M;--;--;S;N;6
0406;Productes per a la ter…pia del limfedema;040606;Peces de compressi¢ per a bra‡os, cames i altres parts del cos per a limfedemes de membres;EPL 060;Guant amb dits per a peu per a limfedema;EPL 060A;Guant sense protecci¢ distal per a peu per a limfedema, a mida;149,67;30;119,67;H;N;M;--;--;S;N;6
0406;Productes per a la ter…pia del limfedema;040606;Peces de compressi¢ per a bra‡os, cames i altres parts del cos per a limfedemes de membres;EPL 060;Guant amb dits per a peu per a limfedema;EPL 060B;Guant amb protecci¢ distal per a peu per a limfedema, a mida;152,14;30;122,14;H;N;M;--;--;S;N;6
0406;Productes per a la ter…pia del limfedema;040606;Peces de compressi¢ per a bra‡os, cames i altres parts del cos per a limfedemes de membres;EPL 070;Mitja per a limfedema;EPL 070A;Mitja fins al genoll per a limfedema, a mida;106,82;30;76,82;H;N;M;--;--;S;N;6
0406;Productes per a la ter…pia del limfedema;040606;Peces de compressi¢ per a bra‡os, cames i altres parts del cos per a limfedemes de membres;EPL 070;Mitja per a limfedema;EPL 070B;Mitja fins al genoll per a limfedema, prefabricada;84,44;30;54,44;H;N;A;--;--;S;N;6
0406;Productes per a la ter…pia del limfedema;040606;Peces de compressi¢ per a bra‡os, cames i altres parts del cos per a limfedemes de membres;EPL 070;Mitja per a limfedema;EPL 070C;Mitja sencera per a limfedema, a mida;165,44;30;135,44;H;N;M;--;--;S;N;6
0406;Productes per a la ter…pia del limfedema;040606;Peces de compressi¢ per a bra‡os, cames i altres parts del cos per a limfedemes de membres;EPL 070;Mitja per a limfedema;EPL 070D;Mitja sencera per a limfedema, prefabricada;109,14;30;79,14;H;N;A;--;--;S;N;6
0406;Productes per a la ter…pia del limfedema;040606;Peces de compressi¢ per a bra‡os, cames i altres parts del cos per a limfedemes de membres;EPL 070;Mitja per a limfedema;EPL 070E;Mitja sencera amb subjecci¢ a la cintura per a limfedema, a mida;173,03;30;143,03;H;N;M;--;--;S;N;6
0406;Productes per a la ter…pia del limfedema;040606;Peces de compressi¢ per a bra‡os, cames i altres parts del cos per a limfedemes de membres;EPL 080;Pantis per a limfedema;EPL 080A;Pantis d'una extremitat per a limfedema, a mida;282,15;30;252,15;H;N;M;--;--;S;N;6
0406;Productes per a la ter…pia del limfedema;040606;Peces de compressi¢ per a bra‡os, cames i altres parts del cos per a limfedemes de membres;EPL 080;Pantis per a limfedema;EPL 080B;Pantis d'una extremitat per a limfedema, prefabricat;246,63;30;216,63;H;N;A;--;--;S;N;6
0406;Productes per a la ter…pia del limfedema;040606;Peces de compressi¢ per a bra‡os, cames i altres parts del cos per a limfedemes de membres;EPL 080;Pantis per a limfedema;EPL 080C;Pantis (de dues cames) per a limfedema, a mida;353,67;30;323,67;H;N;M;--;--;S;N;6
0406;Productes per a la ter…pia del limfedema;040606;Peces de compressi¢ per a bra‡os, cames i altres parts del cos per a limfedemes de membres;EPL 080;Pantis per a limfedema;EPL 080D;Pantis (de dues cames) per a limfedema, prefabricat;319,06;30;289,06;H;N;A;--;--;S;N;6
0406;Productes per a la ter…pia del limfedema;040606;Peces de compressi¢ per a bra‡os, cames i altres parts del cos per a limfedemes de membres;EPL 090;Pantalons per a limfedema;EPL 090A;Pantalons de camal curt per a limfedema, a mida;251,82;30;221,82;H;N;M;--;--;S;N;6
0406;Productes per a la ter…pia del limfedema;040606;Peces de compressi¢ per a bra‡os, cames i altres parts del cos per a limfedemes de membres;EPL 090;Pantalons per a limfedema;EPL 090B;Pantalons per a limfedema, a mida;309,79;30;279,79;H;N;M;--;--;S;N;6
0406;Productes per a la ter…pia del limfedema;040606;Peces de compressi¢ per a bra‡os, cames i altres parts del cos per a limfedemes de membres;EPL 100;Pe‡a autoajustable per a limfedema de membre superior;EPL 100A;Guantellet autoajustable de baixa elasticitat o inel…stic, prefabricat;52,89;30;22,89;H;N;A;--;--;S;N;12
0406;Productes per a la ter…pia del limfedema;040606;Peces de compressi¢ per a bra‡os, cames i altres parts del cos per a limfedemes de membres;EPL 100;Pe‡a autoajustable per a limfedema de membre superior;EPL 100B;Guant autoajustable de baixa elasticitat o inel…stic, a mida;143,29;30;113,29;H;N;M;--;--;S;N;12
0406;Productes per a la ter…pia del limfedema;040606;Peces de compressi¢ per a bra‡os, cames i altres parts del cos per a limfedemes de membres;EPL 100;Pe‡a autoajustable per a limfedema de membre superior;EPL 100C;Pe‡a per a bra‡ autoajustable de baixa elasticitat o inel…stica, a mida;298,62;30;268,62;H;N;M;--;--;S;N;12
0406;Productes per a la ter…pia del limfedema;040606;Peces de compressi¢ per a bra‡os, cames i altres parts del cos per a limfedemes de membres;EPL 100;Pe‡a autoajustable per a limfedema de membre superior;EPL 100D;Pe‡a per a bra‡ autoajustable de baixa elasticitat o inel…stica, prefabricada;159,85;30;129,85;H;N;A;--;--;S;N;12
0406;Productes per a la ter…pia del limfedema;040606;Peces de compressi¢ per a bra‡os, cames i altres parts del cos per a limfedemes de membres;EPL 110;Pe‡a autoajustable per a limfedema de membre inferior;EPL 110A;Pe‡a per a peu incloent-hi turmell autoajustable de baixa elasticitat o inel…stica, a mida;64,78;30;34,78;H;N;M;--;--;S;N;12
0406;Productes per a la ter…pia del limfedema;040606;Peces de compressi¢ per a bra‡os, cames i altres parts del cos per a limfedemes de membres;EPL 110;Pe‡a autoajustable per a limfedema de membre inferior;EPL 110B;Pe‡a per a peu incloent-hi turmell autoajustable de baixa elasticitat o inel…stica, prefabricada;54,67;30;24,67;H;N;A;--;--;S;N;12
0406;Productes per a la ter…pia del limfedema;040606;Peces de compressi¢ per a bra‡os, cames i altres parts del cos per a limfedemes de membres;EPL 110;Pe‡a autoajustable per a limfedema de membre inferior;EPL 110C;Pe‡a per a cama per sota del genoll incloent-hi peu autoajustable de baixa elasticitat o inel…stica, a mida;428,93;30;398,93;H;N;M;--;--;S;N;12
0406;Productes per a la ter…pia del limfedema;040606;Peces de compressi¢ per a bra‡os, cames i altres parts del cos per a limfedemes de membres;EPL 110;Pe‡a autoajustable per a limfedema de membre inferior;EPL 110D;Pe‡a per a cama per sota del genoll incloent-hi peu autoajustable de baixa elasticitat o inel…stica, prefabricada;128,61;30;98,61;H;N;A;--;--;S;N;12
0406;Productes per a la ter…pia del limfedema;040606;Peces de compressi¢ per a bra‡os, cames i altres parts del cos per a limfedemes de membres;EPL 110;Pe‡a autoajustable per a limfedema de membre inferior;EPL 110E;Pe‡a per a cama per sota del genoll autoajustable de baixa elasticitat o inel…stica, a mida;320,03;30;290,03;H;N;M;--;--;S;N;12
0406;Productes per a la ter…pia del limfedema;040606;Peces de compressi¢ per a bra‡os, cames i altres parts del cos per a limfedemes de membres;EPL 110;Pe‡a autoajustable per a limfedema de membre inferior;EPL 110F;Pe‡a per a cuixa autoajustable de baixa elasticitat o inel…stica, a mida;230,66;30;200,66;H;N;M;--;--;S;N;12
0406;Productes per a la ter…pia del limfedema;040606;Peces de compressi¢ per a bra‡os, cames i altres parts del cos per a limfedemes de membres;EPL 110;Pe‡a autoajustable per a limfedema de membre inferior;EPL 110G;Pe‡a per a cuixa autoajustable de baixa elasticitat o inel…stica, prefabricada;140;30;110;H;N;A;--;--;S;N;12
0406;Productes per a la ter…pia del limfedema;040606;Peces de compressi¢ per a bra‡os, cames i altres parts del cos per a limfedemes de membres;EPL 110;Pe‡a autoajustable per a limfedema de membre inferior;EPL 110H;Pe‡a per a cuixa incloent-hi genoll autoajustable de baixa elasticitat o inel…stica, a mida;326,18;30;296,18;H;N;M;--;--;S;N;12
0406;Productes per a la ter…pia del limfedema;040606;Peces de compressi¢ per a bra‡os, cames i altres parts del cos per a limfedemes de membres;EPL 110;Pe‡a autoajustable per a limfedema de membre inferior;EPL 110I;Pe‡a per a cuixa incloent-hi genoll autoajustable de baixa elasticitat o inel…stica, prefabricada;143,98;30;113,98;H;N;A;--;--;S;N;12
0406;Productes per a la ter…pia del limfedema;040606;Peces de compressi¢ per a bra‡os, cames i altres parts del cos per a limfedemes de membres;EPL 110;Pe‡a autoajustable per a limfedema de membre inferior;EPL 110J;Pe‡a per a cama sencera incloent-hi peu autoajustable de baixa elasticitat o inel…stica, a mida;734,88;30;704,88;H;N;M;--;--;S;N;12
0406;Productes per a la ter…pia del limfedema;040606;Peces de compressi¢ per a bra‡os, cames i altres parts del cos per a limfedemes de membres;EPL 110;Pe‡a autoajustable per a limfedema de membre inferior;EPL 110K;Pe‡a per a cama sencera incloent-hi peu autoajustable de baixa elasticitat o inel…stica, prefabricada;293,7;30;263,7;H;N;A;--;--;S;N;12
0406;Productes per a la ter…pia del limfedema;040606;Peces de compressi¢ per a bra‡os, cames i altres parts del cos per a limfedemes de membres;EPL 110;Pe‡a autoajustable per a limfedema de membre inferior;EPL 110L;Pe‡a per a cama sencera autoajustable de baixa elasticitat o inel…stica, a mida;500,5;30;470,5;H;N;M;--;--;S;N;12
0407;Productes per a la prevenci¢ i el tractament cicatrius patol•giques;040700;Peces de compressi¢ per a bra‡os, cames i altres parts del cos per a cremats i grans quelo;EPQ 000;Suport de coll i / o ment¢ per cremats i grans queloides;EPQ 000A;Suport de coll per a cremats i grans queloides, a mida;132,41;30;102,41;D;N;M;--;--;S;N;6
0407;Productes per a la prevenci¢ i el tractament cicatrius patol•giques;040700;Peces de compressi¢ per a bra‡os, cames i altres parts del cos per a cremats i grans quelo;EPQ 000;Suport de coll i / o ment¢ per cremats i grans queloides;EPQ 000B;Suport de ment¢ per a cremats i grans queloides, a mida;174,1;30;144,1;D;N;M;--;--;S;N;6
0407;Productes per a la prevenci¢ i el tractament cicatrius patol•giques;040700;Peces de compressi¢ per a bra‡os, cames i altres parts del cos per a cremats i grans quelo;EPQ 000;Suport de coll i / o ment¢ per cremats i grans queloides;EPQ 000C;Suport de coll i ment¢ per a cremats i grans queloides, a mida;245,5;30;215,5;D;N;M;--;--;S;N;6
0407;Productes per a la prevenci¢ i el tractament cicatrius patol•giques;040700;Peces de compressi¢ per a bra‡os, cames i altres parts del cos per a cremats i grans quelo;EPQ 010;M…scara per a cremats i grans queloides;EPQ 010A;M…scara oberta per a cremats i grans queloides, a mida;313,98;30;283,98;D;N;M;--;--;S;N;6
0407;Productes per a la prevenci¢ i el tractament cicatrius patol•giques;040700;Peces de compressi¢ per a bra‡os, cames i altres parts del cos per a cremats i grans quelo;EPQ 010;M…scara per a cremats i grans queloides;EPQ 010B;M…scara oberta amb banda labial per a cremats i grans queloides, a mida;334,36;30;304,36;D;N;M;--;--;S;N;6
0407;Productes per a la prevenci¢ i el tractament cicatrius patol•giques;040700;Peces de compressi¢ per a bra‡os, cames i altres parts del cos per a cremats i grans quelo;EPQ 010;M…scara per a cremats i grans queloides;EPQ 010C;M…scara amb obertura per ulls, nas i boca per a cremats i grans queloides, a mida;421,27;30;391,27;D;N;M;--;--;S;N;6
0407;Productes per a la prevenci¢ i el tractament cicatrius patol•giques;040700;Peces de compressi¢ per a bra‡os, cames i altres parts del cos per a cremats i grans quelo;EPQ 010;M…scara per a cremats i grans queloides;EPQ 010D;M…scara de termopl…stic amb silicona per a cremats i grans queloides, a mida;1277,46;30;1247,46;D;N;M;--;--;S;N;6
0407;Productes per a la prevenci¢ i el tractament cicatrius patol•giques;040700;Peces de compressi¢ per a bra‡os, cames i altres parts del cos per a cremats i grans quelo;EPQ 020;Samarreta per a cremats i grans queloides;EPQ 020A;Samarreta sense m…nigues per a cremats i grans queloides, a mida;278,93;30;248,93;D;N;M;--;--;S;N;6
0407;Productes per a la prevenci¢ i el tractament cicatrius patol•giques;040700;Peces de compressi¢ per a bra‡os, cames i altres parts del cos per a cremats i grans quelo;EPQ 020;Samarreta per a cremats i grans queloides;EPQ 020B;Samarreta amb m…nigues curtes per a cremats i grans queloides, a mida;419,54;30;389,54;D;N;M;--;--;S;N;6
0407;Productes per a la prevenci¢ i el tractament cicatrius patol•giques;040700;Peces de compressi¢ per a bra‡os, cames i altres parts del cos per a cremats i grans quelo;EPQ 020;Samarreta per a cremats i grans queloides;EPQ 020C;Samarreta amb m…nigues llargues per a cremats i grans queloides, a mida;469,49;30;439,49;D;N;M;--;--;S;N;6
0407;Productes per a la prevenci¢ i el tractament cicatrius patol•giques;040700;Peces de compressi¢ per a bra‡os, cames i altres parts del cos per a cremats i grans quelo;EPQ 030;Tronc per a cremats i grans queloides;EPQ 030A;Tronc sense m…nigues per a cremats i grans queloides, a mida;472,2;30;442,2;D;N;M;--;--;S;N;6
0407;Productes per a la prevenci¢ i el tractament cicatrius patol•giques;040700;Peces de compressi¢ per a bra‡os, cames i altres parts del cos per a cremats i grans quelo;EPQ 030;Tronc per a cremats i grans queloides;EPQ 030B;Tronc amb m…nigues curtes per a cremats i grans queloides, a mida;567,47;30;537,47;D;N;M;--;--;S;N;6
0407;Productes per a la prevenci¢ i el tractament cicatrius patol•giques;040700;Peces de compressi¢ per a bra‡os, cames i altres parts del cos per a cremats i grans quelo;EPQ 030;Tronc per a cremats i grans queloides;EPQ 030C;Tronc amb m…nigues llargues per a cremats i grans queloides, a mida;580,35;30;550,35;D;N;M;--;--;S;N;6
0407;Productes per a la prevenci¢ i el tractament cicatrius patol•giques;040700;Peces de compressi¢ per a bra‡os, cames i altres parts del cos per a cremats i grans quelo;EPQ 040;Guantellet i guant per a cremats i grans queloides;EPQ 040A;Guantellet per a cremats i grans queloides, a mida;52,53;30;22,53;H;N;M;--;--;S;N;6
0407;Productes per a la prevenci¢ i el tractament cicatrius patol•giques;040700;Peces de compressi¢ per a bra‡os, cames i altres parts del cos per a cremats i grans quelo;EPQ 040;Guantellet i guant per a cremats i grans queloides;EPQ 040B;Guant sense protecci¢ distal per a cremats i grans queloides;150,07;30;120,07;H;N;M;--;--;S;N;6
0407;Productes per a la prevenci¢ i el tractament cicatrius patol•giques;040700;Peces de compressi¢ per a bra‡os, cames i altres parts del cos per a cremats i grans quelo;EPQ 040;Guantellet i guant per a cremats i grans queloides;EPQ 040C;Guant amb protecci¢ distal per a cremats i grans queloides , a mida;157,61;30;127,61;H;N;M;--;--;S;N;6
0407;Productes per a la prevenci¢ i el tractament cicatrius patol•giques;040700;Peces de compressi¢ per a bra‡os, cames i altres parts del cos per a cremats i grans quelo;EPQ 040;Guantellet i guant per a cremats i grans queloides;EPQ 040D;Guant fins a colze sense protecci¢ distal per a cremats i grans queloides, a mida;175,25;30;145,25;H;N;M;--;--;S;N;6
0407;Productes per a la prevenci¢ i el tractament cicatrius patol•giques;040700;Peces de compressi¢ per a bra‡os, cames i altres parts del cos per a cremats i grans quelo;EPQ 040;Guantellet i guant per a cremats i grans queloides;EPQ 040E;Guant fins al colze amb protecci¢ distal per a cremats i grans queloides, a mida;181,21;30;151,21;H;N;M;--;--;S;N;6
0407;Productes per a la prevenci¢ i el tractament cicatrius patol•giques;040700;Peces de compressi¢ per a bra‡os, cames i altres parts del cos per a cremats i grans quelo;EPQ 050;M…niga per a cremats i grans queloides;EPQ 050A;M…niga per a cremats i grans queloides, a mida;108,7;30;78,7;H;N;M;--;--;S;N;6
0407;Productes per a la prevenci¢ i el tractament cicatrius patol•giques;040700;Peces de compressi¢ per a bra‡os, cames i altres parts del cos per a cremats i grans quelo;EPQ 050;M…niga per a cremats i grans queloides;EPQ 050B;M…niga amb guantellet per a cremats i grans queloides, a mida;147,94;30;117,94;H;N;M;--;--;S;N;6
0407;Productes per a la prevenci¢ i el tractament cicatrius patol•giques;040700;Peces de compressi¢ per a bra‡os, cames i altres parts del cos per a cremats i grans quelo;EPQ 050;M…niga per a cremats i grans queloides;EPQ 050C;M…niga amb guant per a cremats i grans queloides, a mida;232,57;30;202,57;H;N;M;--;--;S;N;6
0407;Productes per a la prevenci¢ i el tractament cicatrius patol•giques;040700;Peces de compressi¢ per a bra‡os, cames i altres parts del cos per a cremats i grans quelo;EPQ 050;M…niga per a cremats i grans queloides;EPQ 050D;M…niga abastant l'espatlla per a cremats i grans queloides, a mida;154,47;30;124,47;H;N;M;--;--;S;N;6
0407;Productes per a la prevenci¢ i el tractament cicatrius patol•giques;040700;Peces de compressi¢ per a bra‡os, cames i altres parts del cos per a cremats i grans quelo;EPQ 050;M…niga per a cremats i grans queloides;EPQ 050E;M…niga abastant l'espatlla amb guantellet per a cremats i grans queloides, a mida;213,66;30;183,66;H;N;M;--;--;S;N;6
0407;Productes per a la prevenci¢ i el tractament cicatrius patol•giques;040700;Peces de compressi¢ per a bra‡os, cames i altres parts del cos per a cremats i grans quelo;EPQ 050;M…niga per a cremats i grans queloides;EPQ 050F;M…niga abastant l'espatlla amb guant per a cremats i grans queloides, a mida;298,73;30;268,73;H;N;M;--;--;S;N;6
0407;Productes per a la prevenci¢ i el tractament cicatrius patol•giques;040700;Peces de compressi¢ per a bra‡os, cames i altres parts del cos per a cremats i grans quelo;EPQ 060;Guant amb dits per a peu per a cremats i grans queloides;EPQ 060A;Guant amb dits sense protecci¢ distal per a peu per a cremats i grans queloides, a mida;149,67;30;119,67;H;N;M;--;--;S;N;6
0407;Productes per a la prevenci¢ i el tractament cicatrius patol•giques;040700;Peces de compressi¢ per a bra‡os, cames i altres parts del cos per a cremats i grans quelo;EPQ 060;Guant amb dits per a peu per a cremats i grans queloides;EPQ 060B;Guant amb dits amb protecci¢ distal per a peu per a cremats i grans queloides, a mida;152,14;30;122,14;H;N;M;--;--;S;N;6
0407;Productes per a la prevenci¢ i el tractament cicatrius patol•giques;040700;Peces de compressi¢ per a bra‡os, cames i altres parts del cos per a cremats i grans quelo;EPQ 070;Mitja per a cremats i grans queloides;EPQ 070A;Mitja fins al genoll per a cremats i grans queloides, a mida;106,82;30;76,82;D;N;M;--;--;S;N;6
0407;Productes per a la prevenci¢ i el tractament cicatrius patol•giques;040700;Peces de compressi¢ per a bra‡os, cames i altres parts del cos per a cremats i grans quelo;EPQ 070;Mitja per a cremats i grans queloides;EPQ 070B;Mitja sencera per a cremats i grans queloides, a mida;165,44;30;135,44;D;N;M;--;--;S;N;6
0407;Productes per a la prevenci¢ i el tractament cicatrius patol•giques;040700;Peces de compressi¢ per a bra‡os, cames i altres parts del cos per a cremats i grans quelo;EPQ 070;Mitja per a cremats i grans queloides;EPQ 070C;Mitja sencera amb subjecci¢ a la cintura per a cremats i grans queloides, a mida;173,03;30;143,03;D;N;M;--;--;S;N;6
0407;Productes per a la prevenci¢ i el tractament cicatrius patol•giques;040700;Peces de compressi¢ per a bra‡os, cames i altres parts del cos per a cremats i grans quelo;EPQ 080;Panties per a cremats i grans queloides;EPQ 080A;Pantis d'una extremitat per a cremats i grans queloides, a mida;282,15;30;252,15;D;N;M;--;--;S;N;6
0407;Productes per a la prevenci¢ i el tractament cicatrius patol•giques;040700;Peces de compressi¢ per a bra‡os, cames i altres parts del cos per a cremats i grans quelo;EPQ 080;Panties per a cremats i grans queloides;EPQ 080B;Pantis (de dues cames) per a cremats i grans queloides, a mida;353,67;30;323,67;D;N;M;--;--;S;N;6
0407;Productes per a la prevenci¢ i el tractament cicatrius patol•giques;040700;Peces de compressi¢ per a bra‡os, cames i altres parts del cos per a cremats i grans quelo;EPQ 090;Pantalons per a cremats i grans queloides;EPQ 090A;Pantalons de camal curt per a cremats i grans queloides, a mida;251,82;30;221,82;D;N;M;--;--;S;N;6
0407;Productes per a la prevenci¢ i el tractament cicatrius patol•giques;040700;Peces de compressi¢ per a bra‡os, cames i altres parts del cos per a cremats i grans quelo;EPQ 090;Pantalons per a cremats i grans queloides;EPQ 090B;Pantalons per a cremats i grans queloides, a mida;309,79;30;279,79;D;N;M;--;--;S;N;6
0407;Productes per a la prevenci¢ i el tractament cicatrius patol•giques;040700;Peces de compressi¢ per a bra‡os, cames i altres parts del cos per a cremats i grans quelo;EPQ 100;Turmellera per a cremats i grans queloides;EPQ 100A;Turmellera per a cremats i grans queloides, a mida;82,96;30;52,96;D;N;M;--;--;S;N;6
0433;Productes de suport per a la prevenci¢ de les £lceres per pressi¢;043300; coixins per prevenir les £lceres per pressi¢;ECJ 000;Coix¡ per prevenir les £lceres per pressi¢, d'una sola pe‡a de silicona, gel o altres mat;ECJ 000A;Coix¡ per prevenir les £lceres per pressi¢, d'una sola pe‡a de silicona, gel o altres materials, per a usuaris de cadires de rodes amb alt risc d'£lcera per pressi¢;115,97;30;85,97;P;N;E;--;--;N;N;36
0433;Productes de suport per a la prevenci¢ de les £lceres per pressi¢;043300; coixins per prevenir les £lceres per pressi¢;ECJ 010;Coix¡ per prevenir les £lceres per pressi¢, modular, de diferents materials amb base ferma;ECJ 010A;Coix¡ per prevenir les £lceres per pressi¢, modular,  de diferents materials amb base ferma, per a usuaris de cadires de rodes amb patologia medulúlar de qualsevol etiologia o dany cerebral adquirit;355,47;30;325,47;B;S;A;--;--;N;S;36
0433;Productes de suport per a la prevenci¢ de les £lceres per pressi¢;043300; coixins per prevenir les £lceres per pressi¢;ECJ 020;Coix¡ per a prevenir les £lceres per pressi¢, amb m£ltiples celúles d'aire, o altres mater;ECJ 020A;Coix¡ per prevenir les £lceres per pressi¢, amb m£ltiples celúles d'aire o altres materials, independents unides per una base, per a usuaris de cadires de rodes amb patologia medulúlar de qualsevol etiologia o dany cerebral adquirit;677,77;30;647,77;H;S;A;--;--;N;S;36
0448;Equipaments per a l'aprenentatge del moviment de la for‡a i de l'equilibri;044806;Aparells bipedestaci¢;EBI 000;Aparell de bipedestaci¢;EBI 000A;Bipedestador de nen;1705,8;30;1675,8;H;S;A;--;--;N;S;24
0448;Equipaments per a l'aprenentatge del moviment de la for‡a i de l'equilibri;044806;Aparells bipedestaci¢;EBI 000;Aparell de bipedestaci¢;EBI 000B;Bipedestador d'adult;2282,91;30;2252,91;H;S;A;--;--;N;S;36
0448;Equipaments per a l'aprenentatge del moviment de la for‡a i de l'equilibri;044821;Plans inclinables;EPI 000;Pla inclinat;EPI 000A;Pla inclinat pron / sup¡ per a nens;1769,27;30;1739,27;H;S;A;--;--;N;S;36
0490;Complements per a les peces de compressi¢;049000;Complements per a les peces de compressi¢ (per a limfedema, cremats i grans queloides);EPC 000;Tancament per a peces de compressi¢;EPC 000A;Tancament de cremallera, a mida;30,42;0;30,42;H;N;M;--;--;N;N;6
0490;Complements per a les peces de compressi¢;049000;Complements per a les peces de compressi¢ (per a limfedema, cremats i grans queloides);EPC 000;Tancament per a peces de compressi¢;EPC 000B;Tancament de gafets, a mida;18,46;0;18,46;H;N;M;--;--;N;N;6
0490;Complements per a les peces de compressi¢;049000;Complements per a les peces de compressi¢ (per a limfedema, cremats i grans queloides);EPC 000;Tancament per a peces de compressi¢;EPC 000C;Tancament de Velcro, a mida;17,99;0;17,99;H;N;M;--;--;N;N;6
0490;Complements per a les peces de compressi¢;049000;Complements per a les peces de compressi¢ (per a limfedema, cremats i grans queloides);EPC 010;Adaptaci¢ per a peces de compressi¢;EPC 010A;Obertura de mames, a mida;18,46;0;18,46;H;N;M;--;--;N;N;6
0490;Complements per a les peces de compressi¢;049000;Complements per a les peces de compressi¢ (per a limfedema, cremats i grans queloides);EPC 010;Adaptaci¢ per a peces de compressi¢;EPC 010B;Confecci¢ de copes, a mida;14,47;0;14,47;H;N;M;--;--;N;N;6
0490;Complements per a les peces de compressi¢;049000;Complements per a les peces de compressi¢ (per a limfedema, cremats i grans queloides);EPC 010;Adaptaci¢ per a peces de compressi¢;EPC 010C;Confecci¢ de bossa escrotal, a mida;55;0;55;H;N;M;--;--;N;N;6
0490;Complements per a les peces de compressi¢;049000;Complements per a les peces de compressi¢ (per a limfedema, cremats i grans queloides);EPC 010;Adaptaci¢ per a peces de compressi¢;EPC 010D;Adaptaci¢ anat•mica articular, a mida;23,67;0;23,67;H;N;M;--;--;N;N;6
0490;Complements per a les peces de compressi¢;049000;Complements per a les peces de compressi¢ (per a limfedema, cremats i grans queloides);EPC 010;Adaptaci¢ per a peces de compressi¢;EPC 010E;Adaptaci¢ tŠxtil, a mida;34,13;0;34,13;H;N;M;--;--;N;N;6
0490;Complements per a les peces de compressi¢;049000;Complements per a les peces de compressi¢ (per a limfedema, cremats i grans queloides);EPC 010;Adaptaci¢ per a peces de compressi¢;EPC 010F;Inserci¢ de butxaca, a mida;35;0;35;H;N;M;--;--;N;N;6
0490;Complements per a les peces de compressi¢;049000;Complements per a les peces de compressi¢ (per a limfedema, cremats i grans queloides);EPC 010;Adaptaci¢ per a peces de compressi¢;EPC 010G;Coixinets limf…tics, a mida;33,69;0;33,69;H;N;M;--;--;N;N;6
0490;Complements per a les peces de compressi¢;049000;Complements per a les peces de compressi¢ (per a limfedema, cremats i grans queloides);EPC 020;Altres complements per a peces de compressi¢;EPC 020A;Banda proximal de subjecci¢ per a peces de compressi¢ pera limfedema, a mida;36,52;0;36,52;H;N;M;--;--;N;N;6
0490;Complements per a les peces de compressi¢;049000;Complements per a les peces de compressi¢ (per a limfedema, cremats i grans queloides);EPC 020;Altres complements per a peces de compressi¢;EPC 020B;Suport de silicona per a cremats i grans queloides, a mida;16,96;0;16,96;H;N;M;--;--;N;N;6
0490;Complements per a les peces de compressi¢;049000;Complements per a les peces de compressi¢ (per a limfedema, cremats i grans queloides);EPC 020;Altres complements per a peces de compressi¢;EPC 020C;Banda addicional de subjecci¢ per a peces autoajustables de baixa elasticitat o inel…stiques per a limfedema, prefabricada;32,74;0;32,74;H;N;A;--;--;S;N;12
0490;Complements per a les peces de compressi¢;049000;Complements per a les peces de compressi¢ (per a limfedema, cremats i grans queloides);EPC 020;Altres complements per a peces de compressi¢;EPC 020D;Funda de protecci¢ per al bra‡ per a £s amb peces autoajustables de compressi¢;26,44;0;26,44;H;N;A;--;--;S;N;12
0490;Complements per a les peces de compressi¢;049000;Complements per a les peces de compressi¢ (per a limfedema, cremats i grans queloides);EPC 020;Altres complements per a peces de compressi¢;EPC 020E;Funda de protecci¢ per a la cama per a £s amb peces autoajustables de compressi¢;32,91;0;32,91;H;N;A;--;--;S;N;12
0490;Complements per a les peces de compressi¢;049000;Complements per a les peces de compressi¢ (per a limfedema, cremats i grans queloides);EPC 020;Altres complements per a peces de compressi¢;EPC 020F;Coixinet embuatat ÿper a limfedema de la zona genital per a home, prefabricat;88,94;0;88,94;H;N;A;--;--;S;N;12
0490;Complements per a les peces de compressi¢;049000;Complements per a les peces de compressi¢ (per a limfedema, cremats i grans queloides);EPC 020;Altres complements per a peces de compressi¢;EPC 020G;Coixinet embuatat per a limfedema de la zona genital per a dona, prefabricat;76,78;0;76,78;H;N;A;--;--;S;N;12
0490;Complements per a les peces de compressi¢;049000;Complements per a les peces de compressi¢ (per a limfedema, cremats i grans queloides);EPC 020;Altres complements per a peces de compressi¢;EPC 020H;Coixinet embuatat per a limfedema de pit unilateral, prefabricat;56,76;0;56,76;H;N;A;--;--;S;N;12
0490;Complements per a les peces de compressi¢;049000;Complements per a les peces de compressi¢ (per a limfedema, cremats i grans queloides);EPC 020;Altres complements per a peces de compressi¢;EPC 020I;Coixinet embuatat per a limfedema de pit bilateral, prefabricat ;164,01;0;164,01;H;N;A;--;--;S;N;12
0490;Complements per a les peces de compressi¢;049000;Complements per a les peces de compressi¢ (per a limfedema, cremats i grans queloides);EPC 020;Altres complements per a peces de compressi¢;EPC 020J;Coixinet embuatat per a limfedema de la fossa axilúlar, prefabricat;37,03;0;37,03;H;N;A;--;--;S;N;12
0490;Complements per a les peces de compressi¢;049000;Complements per a les peces de compressi¢ (per a limfedema, cremats i grans queloides);EPC 020;Altres complements per a peces de compressi¢;EPC 020K;Coixinet embuatat per a limfedema de l?abdomen, prefabricat;53,9;0;53,9;H;N;A;--;--;S;N;12
0490;Complements per a les peces de compressi¢;049000;Complements per a les peces de compressi¢ (per a limfedema, cremats i grans queloides);EPC 020;Altres complements per a peces de compressi¢;EPC 020L;Coixinet embuatat per a limfedema de turmell, prefabricat;41,03;0;41,03;H;N;A;--;--;S;N;12
0490;Complements per a les peces de compressi¢;049000;Complements per a les peces de compressi¢ (per a limfedema, cremats i grans queloides);EPC 020;Altres complements per a peces de compressi¢;EPC 020M;Coixinet embuatat per a limfedema del dors de la m…, prefabricat;33,88;0;33,88;H;N;A;--;--;S;N;12
0603;Ortesis de columna vertebral;060306;Ortesi lumbosacra;OTL 000;Ortesi lumbo-sacra semir¡gida;OTL 000A;Ortesi lumbo-sacra semir¡gida el…stica amb fleixos posteriors;68,28;30;38,28;B;N;E;--;--;N;N;24
0603;Ortesis de columna vertebral;060306;Ortesi lumbosacra;OTL 000;Ortesi lumbo-sacra semir¡gida;OTL 000B;Ortesi lumbo-sacra semir¡gida al teixit no el…stic;88,2;30;58,2;B;N;E;--;--;N;N;24
0603;Ortesis de columna vertebral;060306;Ortesi lumbosacra;OTL 000;Ortesi lumbo-sacra semir¡gida;OTL 000C;Ortesi lumbo-sacra semir¡gida al teixit el…stic o no el…stic per abdomen pŠndol;99;30;69;B;N;A;--;--;N;N;24
0603;Ortesis de columna vertebral;060306;Ortesi lumbosacra;OTL 000;Ortesi lumbo-sacra semir¡gida;OTL 000D;Ortesi lumbo-sacra semir¡gida per a eventraci¢ i / o ostomia;99;30;69;B;N;A;--;--;N;N;24
0603;Ortesis de columna vertebral;060306;Ortesi lumbosacra;OTL 000;Ortesi lumbo-sacra semir¡gida;OTL 000E;Ortesi lumbo-sacra semir¡gida, a mida, per a usuaris amb caracter¡stiques especials que no permeten adaptar les prefabricades;290,95;30;260,95;B;S;M;--;--;N;S;24
0603;Ortesis de columna vertebral;060306;Ortesi lumbosacra;OTL 010;Ortesi lumbo-sacra r¡gida;OTL 010A;Ortesi lumbo-sacra r¡gida, prefabricada;277,31;30;247,31;B;N;A;--;--;N;N;24
0603;Ortesis de columna vertebral;060306;Ortesi lumbosacra;OTL 010;Ortesi lumbo-sacra r¡gida;OTL 010B;Ortesi lumbo-sacra r¡gida en termopl…stic, a mida;538,49;30;508,49;B;S;M;--;--;N;S;24
0603;Ortesis de columna vertebral;060306;Ortesi lumbosacra;OTL 010;Ortesi lumbo-sacra r¡gida;OTL 010C;Ortesi lumbo-sacra Knight;186,3;30;156,3;B;N;A;--;--;N;N;24
0603;Ortesis de columna vertebral;060306;Ortesi lumbosacra;OTL 010;Ortesi lumbo-sacra r¡gida;OTL 010D;Ortesi lumbo-sacra amb carcassa r¡gida posterior i teixit el…stic;218,1;30;188,1;B;N;A;--;--;N;N;24
0603;Ortesis de columna vertebral;060309;Ortesi toracolumbosacra (dorsolumbar);OTD 000;Ortesi toraco-lumbar semir¡gida;OTD 000A;Ortesi toraco-lumbar semir¡gida;104,5;30;74,5;B;N;A;--;--;N;N;24
0603;Ortesis de columna vertebral;060309;Ortesi toracolumbosacra (dorsolumbar);OTD 000;Ortesi toraco-lumbar semir¡gida;OTD 000B;Ortesi toraco-lumbar semir¡gida per a abdomen pŠndol;104,5;30;74,5;B;N;A;--;--;N;N;24
0603;Ortesis de columna vertebral;060309;Ortesi toracolumbosacra (dorsolumbar);OTD 000;Ortesi toraco-lumbar semir¡gida;OTD 000C;Ortesi toraco-lumbar semir¡gida, a mida, per a usuaris amb caracter¡stiques especials que no permeten adaptar les prefabricades;242,18;30;212,18;B;S;M;--;--;N;S;24
0603;Ortesis de columna vertebral;060309;Ortesi toracolumbosacra (dorsolumbar);OTD 010;Ortesi per a pectus carinatum (t•rax de quilla) o excavatum;OTD 010A;Cotilla per a pectus carinatum (t•rax de quilla) o pectus excavatum, a mida;647,65;30;617,65;H;S;M;--;--;N;S;12
0603;Ortesis de columna vertebral;060309;Ortesi toracolumbosacra (dorsolumbar);OTD 010;Ortesi per a pectus carinatum (t•rax de quilla) o excavatum;OTD 010B;Ortesi per a pectus carinatum (t•rax de quilla), prefabricada;495;30;465;H;S;A;--;--;N;S;12
0603;Ortesis de columna vertebral;060309;Ortesi toracolumbosacra (dorsolumbar);OTD 020;Ortesi toraco-lumbar r¡gida;OTD 020A;Ortesi toraco-lumbar r¡gida monovalva per a immobilitzaci¢ en termopl…stic, prefabricada;275;30;245;B;N;A;--;--;N;N;24
0603;Ortesis de columna vertebral;060309;Ortesi toracolumbosacra (dorsolumbar);OTD 020;Ortesi toraco-lumbar r¡gida;OTD 020B;Ortesi toraco-lumbar r¡gida bivalva amb suport esternal per a immobilitzaci¢ en termopl…stic, prefabricada;448,13;30;418,13;B;N;A;--;--;N;N;24
0603;Ortesis de columna vertebral;060309;Ortesi toracolumbosacra (dorsolumbar);OTD 020;Ortesi toraco-lumbar r¡gida;OTD 020C;Ortesi toraco-lumbar r¡gida per a immobilitzaci¢ en termopl…stic, a mida;688,57;30;658,57;B;S;M;--;--;N;S;24
0603;Ortesis de columna vertebral;060309;Ortesi toracolumbosacra (dorsolumbar);OTD 020;Ortesi toraco-lumbar r¡gida;OTD 020D;Ortesi toraco-lumbar Taylor prefabricada;214,19;30;184,19;B;N;A;--;--;N;N;24
0603;Ortesis de columna vertebral;060309;Ortesi toracolumbosacra (dorsolumbar);OTD 020;Ortesi toraco-lumbar r¡gida;OTD 020E;Ortesi toraco-lumbar amb carcassa r¡gida posterior i teixit el…stic;341;30;311;B;N;A;--;--;N;N;24
0603;Ortesis de columna vertebral;060309;Ortesi toracolumbosacra (dorsolumbar);OTD 030;Cotilla r¡gida per a cifolordosi;OTD 030A;Cotilla r¡gida de correcci¢ progressiva per a cifolordosi, a mida;988,8;30;958,8;H;S;M;--;--;N;S;12
0603;Ortesis de columna vertebral;060309;Ortesi toracolumbosacra (dorsolumbar);OTD 030;Cotilla r¡gida per a cifolordosi;OTD 030B;Cotilla r¡gida de correcci¢ progressiva per a cifolordosi articulada, a mida;988,8;30;958,8;H;S;M;--;--;N;S;12
0603;Ortesis de columna vertebral;060309;Ortesi toracolumbosacra (dorsolumbar);OTD 040;Cotilla per a escoliosi, a mida;OTD 040A;Cotilla de Stagnara o Lyones, a mida;977,66;30;947,66;H;S;M;--;--;N;S;12
0603;Ortesis de columna vertebral;060309;Ortesi toracolumbosacra (dorsolumbar);OTD 040;Cotilla per a escoliosi, a mida;OTD 040B;Cotilla de Cheneau, amb coixinets de pressi¢, a mida;1048,49;30;1018,49;H;S;M;--;--;N;S;12
0603;Ortesis de columna vertebral;060309;Ortesi toracolumbosacra (dorsolumbar);OTD 040;Cotilla per a escoliosi, a mida;OTD 040C;Cotilla de Michel, a mida;910,8;30;880,8;H;S;M;--;--;N;S;12
0603;Ortesis de columna vertebral;060309;Ortesi toracolumbosacra (dorsolumbar);OTD 050;Cotilla tipus Boston;OTD 050A;Cotilla tipus Boston, en termopl…stic amb obertures d'expansi¢ i coixinets de pressi¢, amb m•dul prefabricat;880;30;850;H;S;A;--;--;N;S;12
0603;Ortesis de columna vertebral;060309;Ortesi toracolumbosacra (dorsolumbar);OTD 050;Cotilla tipus Boston;OTD 050B;Cotilla tipus Boston, en termopl…stic amb obertures d'expansi¢ i coixinets de pressi¢, talla especial;894,83;30;864,83;H;S;A;--;--;N;S;12
0603;Ortesis de columna vertebral;060309;Ortesi toracolumbosacra (dorsolumbar);OTD 050;Cotilla tipus Boston;OTD 050C;Cotilla tipus Boston tova;816,42;30;786,42;H;S;A;--;--;N;S;12
0603;Ortesis de columna vertebral;060309;Ortesi toracolumbosacra (dorsolumbar);OTD 050;Cotilla tipus Boston;OTD 050D;Cotilla tipus Boston, en termopl…stic amb obertures d'expansi¢ i coixinets de pressi¢, a mida;909,65;30;879,65;H;S;M;--;--;N;S;12
0603;Ortesis de columna vertebral;060309;Ortesi toracolumbosacra (dorsolumbar);OTD 060;Ortesi d'£s nocturn;OTD 060A;Ortesi d'inclinaci¢ lateral d'£s nocturn, a mida;1024,89;30;994,89;H;S;M;--;--;N;S;12
0603;Ortesis de columna vertebral;060309;Ortesi toracolumbosacra (dorsolumbar);OTD 060;Ortesi d'£s nocturn;OTD 060B;Cotilla de termopl…stic amb sistema de pressi¢ en 3 punts i zones d'expansi¢ d'£s nocturn (tipus Providence o similar), a mida;1049,07;30;1019,07;H;S;M;--;--;N;S;12
0603;Ortesis de columna vertebral;060309;Ortesi toracolumbosacra (dorsolumbar);OTD 070;Ortesi de Kallabis;OTD 070A;Ortesi de Kallabis de tres punts;188,99;30;158,99;H;S;A;--;--;N;S;12
0603;Ortesis de columna vertebral;060309;Ortesi toracolumbosacra (dorsolumbar);OTD 080;Ortesi d'hiperextensi¢;OTD 080A;Ortesi d'hiperextensi¢ de Jewett;216,37;30;186,37;B;N;A;--;--;N;N;24
0603;Ortesis de columna vertebral;060309;Ortesi toracolumbosacra (dorsolumbar);OTD 080;Ortesi d'hiperextensi¢;OTD 080B;Ortesi d'hiperextensi¢ cruciforme;225,37;30;195,37;B;N;A;--;--;N;N;12
0603;Ortesis de columna vertebral;060309;Ortesi toracolumbosacra (dorsolumbar);OTD 080;Ortesi d'hiperextensi¢;OTD 080C;Ortesi d'hiperextensi¢ basculant;234,37;30;204,37;B;N;A;--;--;N;N;12
0603;Ortesis de columna vertebral;060309;Ortesi toracolumbosacra (dorsolumbar);OTD 090;Ja‡ postural;OTD 090A;Ja‡ postural Denis Browne per a escoliosi del lactant;442,63;30;412,63;H;S;A;--;--;N;S;12
0603;Ortesis de columna vertebral;060309;Ortesi toracolumbosacra (dorsolumbar);OTD 090;Ja‡ postural;OTD 090B;Ja‡ postural en termopl…stic, a mida previ motlle;600,46;30;570,46;H;S;M;--;--;N;S;12
0603;Ortesis de columna vertebral;060312;Ortesis cervicals;OTC 000;Ortesi cervical semir¡gida;OTC 000A;Suport cervical semir¡gid en termopl…stic tou amb refor‡, bivalve, amb suport mentoni…;43,2;30;13,2;B;N;A;--;--;N;N;24
0603;Ortesis de columna vertebral;060312;Ortesis cervicals;OTC 010;Ortesi cervical r¡gida;OTC 010A;Ortesi cervical r¡gida en termopl…stic, amb suport occipital i mentoni… regulable o no;179,28;30;149,28;B;N;A;--;--;N;N;24
0603;Ortesis de columna vertebral;060315;Ortesi cervicotor…cica;OTT 000;Ortesi cervical tipus Somi;OTT 000A;Suport cervical tipus Somi;289,1;30;259,1;H;N;A;--;--;N;N;24
0603;Ortesis de columna vertebral;060315;Ortesi cervicotor…cica;OTT 010;Minerva llargaÿ;OTT 010A;Minerva llarga, a mida previ motlle;592,63;30;562,63;H;S;M;--;--;N;S;24
0603;Ortesis de columna vertebral;060315;Ortesi cervicotor…cica;OTT 010;Minerva llargaÿ;OTT 010B;Minerva llarga, prefabricada;410,56;30;380,56;H;N;A;--;--;N;S;24
0603;Ortesis de columna vertebral;060318;Ortesis cervicotoracolumbosacres;OTS 000;Cotilla de Milwaukee;OTS 000A;Cotilla de Milwaukee amb cistella pelviana en cuir i plaques correctores, a mida;1190,97;30;1160,97;H;S;M;--;--;N;S;12
0603;Ortesis de columna vertebral;060318;Ortesis cervicotoracolumbosacres;OTS 000;Cotilla de Milwaukee;OTS 000B;Cotilla de Milwaukee amb cistella pelviana en termopl…stic i plaques correctores, a mida;822,82;30;792,82;H;S;M;--;--;N;S;12
0603;Ortesis de columna vertebral;060318;Ortesis cervicotoracolumbosacres;OTS 900;Supraestructura;OTS 900A;Supraestructura de cotilla de Milwaukee adaptada a un altre tipus de cotilla;340,02;30;310,02;H;S;A;--;--;N;S;12
0603;Ortesis de columna vertebral;060318;Ortesis cervicotoracolumbosacres;OTS 910;Canvi de cistella pelviana;OTS 910A;Cistella pelviana en cuir per cotilla de Milwaukee, a mida;850,95;30;820,95;H;S;M;--;--;N;S;12
0603;Ortesis de columna vertebral;060318;Ortesis cervicotoracolumbosacres;OTS 910;Canvi de cistella pelviana;OTS 910B;Cistella pelviana en termopl…stic per cotilla de Milwaukee, a mida;482,8;30;452,8;H;S;M;--;--;N;S;12
0606;Ortesis de membre superior;060603;Ortesis de dits;OSD 000;Ortesi passiva per a dit polze;OSD 000A;Ortesi passiva r¡gida per mantenir el polze en oposici¢ o abducci¢, prefabricada;68,5;12;56,5;B;N;A;--;--;S;N;24
0606;Ortesis de membre superior;060603;Ortesis de dits;OSD 000;Ortesi passiva per a dit polze;OSD 000B;Ortesi passiva en termopl…stic per mantenir el polze en oposici¢ o abducci¢, a mida;87,6;12;75,6;B;S;M;--;--;S;S;24
0606;Ortesis de membre superior;060603;Ortesis de dits;OSD 010;Ortesi passiva per a dit;OSD 010A;Ortesi passiva r¡gida per a immobilitzaci¢ de dit, prefabricada;25,29;12;13,29;B;N;E;--;--;S;N;24
0606;Ortesis de membre superior;060603;Ortesis de dits;OSD 010;Ortesi passiva per a dit;OSD 010B;Ortesi passiva en termopl…stic per a immobilitzaci¢ de dit, a mida;44,29;12;32,29;B;S;M;--;--;S;S;24
0606;Ortesis de membre superior;060603;Ortesis de dits;OSD 020;Ortesi activa per a dit polze;OSD 020A;Ortesi activa per a dit polze, prefabricada;73,16;12;61,16;B;N;A;--;--;S;N;12
0606;Ortesis de membre superior;060603;Ortesis de dits;OSD 030;Ortesi activa flexora/extensora per a dit;OSD 030A;Ortesi activa extensora per a dit;42,64;12;30,64;B;N;A;--;--;S;N;12
0606;Ortesis de membre superior;060603;Ortesis de dits;OSD 030;Ortesi activa flexora/extensora per a dit;OSD 030B;Ortesi activa flexora per a dit;42,64;12;30,64;B;N;A;--;--;S;N;12
0606;Ortesis de membre superior;060606;Ortesis de m…;OSM 000;Ortesi passiva per mantenir les articulacions metacarpofal…ngiques en una posici¢ determin;OSM 000A;Ortesi passiva per mantenir les articulacions metacarpofal…ngiques en una posici¢ determinada, prefabricada;107,8;12;95,8;B;N;A;--;--;S;N;24
0606;Ortesis de membre superior;060606;Ortesis de m…;OSM 000;Ortesi passiva per mantenir les articulacions metacarpofal…ngiques en una posici¢ determin;OSM 000B;Ortesi passiva per mantenir les articulacions metacarpofal…ngiques en una posici¢ determinada, a mida;116,13;12;104,13;B;S;M;--;--;S;S;24
0606;Ortesis de membre superior;060606;Ortesis de m…;OSM 000;Ortesi passiva per mantenir les articulacions metacarpofal…ngiques en una posici¢ determin;OSM 000C;Ortesi passiva progressiva per portar les articulacions metacarpofal…ngiques a una posici¢ determinada;121,97;12;109,97;B;N;A;--;--;S;N;24
0606;Ortesis de membre superior;060606;Ortesis de m…;OSM 010;Ortesi activa flexora o extensora d'articulacions metacarpofal…ngiques;OSM 010A;Ortesi activa extensora d'articulacions metacarpofal…ngiques;122,55;12;110,55;B;N;A;--;--;S;S;24
0606;Ortesis de membre superior;060606;Ortesis de m…;OSM 010;Ortesi activa flexora o extensora d'articulacions metacarpofal…ngiques;OSM 010B;Ortesi activa flexora d'articulacions metacarpofal…ngiques;122,55;12;110,55;B;N;A;--;--;S;S;24
0606;Ortesis de membre superior;060606;Ortesis de m…;OSM 010;Ortesi activa flexora o extensora d'articulacions metacarpofal…ngiques;OSM 010C;Ortesi activa flexora d'articulacions metacarpofal…ngiques i additament extensor de dit / s;146,56;12;134,56;B;N;A;--;--;S;S;24
0606;Ortesis de membre superior;060606;Ortesis de m…;OSM 010;Ortesi activa flexora o extensora d'articulacions metacarpofal…ngiques;OSM 010D;Ortesi activa extensora d'articulacions metacarpofal…ngiques i additament extensor / abductor del polze;148,9;12;136,9;B;N;A;--;--;S;S;24
0606;Ortesis de membre superior;060606;Ortesis de m…;OSM 010;Ortesi activa flexora o extensora d'articulacions metacarpofal…ngiques;OSM 010E;Ortesi activa flexora d'articulacions metacarpofal…ngiques i additament extensor / abductor del polze;148,9;12;136,9;B;N;A;--;--;S;S;24
0606;Ortesis de membre superior;060612;Ortesis de canell i m…;OSN 000;Ortesi passiva de canell;OSN 000A;Ortesi passiva de canell;61,6;30;31,6;B;N;A;--;--;S;N;24
0606;Ortesis de membre superior;060612;Ortesis de canell i m…;OSN 010;Ortesi activa de canell;OSN 010A;Ortesi activa de canell;140,31;30;110,31;B;N;A;--;--;S;S;18
0606;Ortesis de membre superior;060612;Ortesis de canell i m…;OSN 020;Ortesi activa flexora o extensora de les articulacions metacarpofal…ngiques amb estabilitz;OSN 020A;Ortesi activa flexora de les articulacions metacarpofal…ngiques amb estabilitzaci¢ de l'articulaci¢ del canell;199;30;169;B;N;A;--;--;S;S;18
0606;Ortesis de membre superior;060612;Ortesis de canell i m…;OSN 020;Ortesi activa flexora o extensora de les articulacions metacarpofal…ngiques amb estabilitz;OSN 020B;Ortesi activa extensora de les articulacions metacarpofal…ngiques amb estabilitzaci¢ de l'articulaci¢ del canell;199;30;169;B;N;A;--;--;S;S;18
0606;Ortesis de membre superior;060613;Ortesis de canell, m… i dits;OSU 000;Ortesi passiva de canell, m… i dit / s;OSU 000A;Ortesi passiva de canell, m… i dit / s, prefabricada;125,92;30;95,92;B;N;A;--;--;S;N;24
0606;Ortesis de membre superior;060613;Ortesis de canell, m… i dits;OSU 000;Ortesi passiva de canell, m… i dit / s;OSU 000B;Ortesi passiva de canell, m… i dit / s, a mida;168,98;30;138,98;B;S;M;--;--;S;S;24
0606;Ortesis de membre superior;060613;Ortesis de canell, m… i dits;OSU 010;Ortesi activa de canell, m… i dit / s;OSU 010A;Ortesi activa per a flexi¢ dorsal de canell, extensi¢ o flexi¢ d'articulacions metacarpofal…ngiques i interfal…ngiques, amb dispositiu abductor o sense del polze, prefabricada;247,12;30;217,12;B;N;A;--;--;S;S;12
0606;Ortesis de membre superior;060613;Ortesis de canell, m… i dits;OSU 010;Ortesi activa de canell, m… i dit / s;OSU 010B;Ortesi activa per a flexi¢ dorsal de canell, extensi¢ o flexi¢ d'articulacions metacarpofal…ngiques i interfal…ngiques, amb dispositiu abductor o sense del polze, a mida;370,8;30;340,8;B;S;M;--;--;S;S;12
0606;Ortesis de membre superior;060615;Ortesis de colze;OSC 000;Ortesi passiva de colze;OSC 000A;Ortesi passiva de colze sense articulaci¢, prefabricada;165,57;30;135,57;B;N;A;--;--;S;N;24
0606;Ortesis de membre superior;060615;Ortesis de colze;OSC 000;Ortesi passiva de colze;OSC 000B;Ortesi passiva de colze sense articulaci¢, a mida;205,78;30;175,78;B;S;M;--;--;S;S;24
0606;Ortesis de membre superior;060615;Ortesis de colze;OSC 010;Ortesi activa de colze;OSC 010A;Ortesi activa de colze per a flexi¢ i/o extensi¢ amb articulaci¢ regulable inclosa, prefabricada;331,89;30;301,89;B;S;A;--;--;S;N;18
0606;Ortesis de membre superior;060615;Ortesis de colze;OSC 010;Ortesi activa de colze;OSC 010B;Ortesi activa de colze per a flexi¢ i/o extensi¢, a mida (prescriure a m‚s una articulaci¢ regulable a elecci¢);368,39;30;338,39;B;S;M;--;--;S;S;18
0606;Ortesis de membre superior;060620;Ortesi d'avantbra‡;OSA 000;Ortesi passiva d'avantbra‡;OSA 000A;Ortesi passiva d'avantbra‡, prefabricada;111,24;30;81,24;B;N;A;--;--;S;N;24
0606;Ortesis de membre superior;060620;Ortesi d'avantbra‡;OSA 000;Ortesi passiva d'avantbra‡;OSA 000B;Ortesi passiva d'avantbra‡, a mida;169,28;30;139,28;B;S;M;--;--;S;S;24
0606;Ortesis de membre superior;060624;Ortesis d'espatlla i colze;OSB 000;Ortesi passiva de bra‡;OSB 000A;Ortesi passiva per a immobilitzaci¢ •ssia de bra‡ en termopl…stic, prefabricada;151,8;30;121,8;B;N;A;--;--;S;N;24
0606;Ortesis de membre superior;060624;Ortesis d'espatlla i colze;OSB 000;Ortesi passiva de bra‡;OSB 000B;Ortesi passiva per a immobilitzaci¢ •ssia de bra‡ en termopl…stic, a mida;239,91;30;209,91;B;S;M;--;--;S;S;24
0606;Ortesis de membre superior;060627;Ortesis d'espatlla, colze i canell;OSH 000;Ortesi passiva d'espatlla, colze i canell, sense articulaci¢;OSH 000A;Ortesi passiva per mantenir espatlla, colze i canell en una posici¢ determinada;270,6;30;240,6;B;N;A;--;--;S;N;24
0606;Ortesis de membre superior;060627;Ortesis d'espatlla, colze i canell;OSH 000;Ortesi passiva d'espatlla, colze i canell, sense articulaci¢;OSH 000B;Ortesi passiva per a subluxaci¢ d'espatlla;132,48;30;102,48;B;N;A;--;--;S;N;24
0606;Ortesis de membre superior;060627;Ortesis d'espatlla, colze i canell;OSH 010;Ortesi d'espatlla, colze i canell, amb articulacions;OSH 010A;Ortesi passiva d'espatlla, colze i canell amb articulaci¢ de colze;322,73;30;292,73;B;N;A;--;--;S;N;24
0606;Ortesis de membre superior;060627;Ortesis d'espatlla, colze i canell;OSH 010;Ortesi d'espatlla, colze i canell, amb articulacions;OSH 010B;Ortesi multiarticulada passiva per a control d'articulacions d'espatlla, colze i canell;496,56;30;466,56;H;S;A;--;--;S;S;24
0606;Ortesis de membre superior;060627;Ortesis d'espatlla, colze i canell;OSH 010;Ortesi d'espatlla, colze i canell, amb articulacions;OSH 010C;Ortesi multiarticulada activa per a control d'articulacions d'espatlla, colze i canell;737;30;707;H;S;A;--;--;S;S;24
0606;Ortesis de membre superior;060627;Ortesis d'espatlla, colze i canell;OSH 020;Ortesi passiva per a par…lisi del plexe braquial, obstŠtrica o infantil;OSH 020A;Ortesi passiva per a par…lisi del plexe braquial, obstŠtrica o infantil, prefabricada;231,5;30;201,5;H;S;A;--;--;S;S;12
0606;Ortesis de membre superior;060627;Ortesis d'espatlla, colze i canell;OSH 020;Ortesi passiva per a par…lisi del plexe braquial, obstŠtrica o infantil;OSH 020B;Ortesi passiva per a par…lisi del plexe braquial, obstŠtrica o infantil, a mida;376,17;30;346,17;H;S;M;--;--;S;S;12
0606;Ortesis de membre superior;060636;Articulacions de colze;OSO 000;Articulaci¢ de colze;OSO 000A;Articulaci¢ de colze mec…nica monocŠntrica;72,73;0;72,73;B;N;A;--;--;S;N;24
0606;Ortesis de membre superior;060636;Articulacions de colze;OSO 000;Articulaci¢ de colze;OSO 000B;Articulaci¢ de colze mec…nica policŠntrica;128,32;0;128,32;B;N;A;--;--;S;N;24
0606;Ortesis de membre superior;060636;Articulacions de colze;OSO 000;Articulaci¢ de colze;OSO 000C;Articulaci¢ de colze tipus cargol sense fi;87,45;0;87,45;B;N;A;--;--;S;N;24
0606;Ortesis de membre superior;060636;Articulacions de colze;OSO 000;Articulaci¢ de colze;OSO 000D;Articulaci¢ de colze tipus cremallera o roda dentada;195,84;0;195,84;B;N;A;--;--;S;N;24
0606;Ortesis de membre superior;060636;Articulacions de colze;OSO 000;Articulaci¢ de colze;OSO 000E;Articulaci¢ de colze din…mica i activa;364,73;0;364,73;B;S;A;--;--;S;N;24
0612;Ortesis de membre inferior;061206;Ortesi de turmell i peu (tibials);OIT 000;Ortesi posterior passiva tibial;OIT 000A;Ortesi posterior passiva tibial;136,06;30;106,06;B;N;A;--;--;S;N;24
0612;Ortesis de membre inferior;061206;Ortesi de turmell i peu (tibials);OIT 010;Ortesi de Denis Browne;OIT 010A;Ortesi Denis Browne, per a menors de 3 anys (prescriure a m‚s un bot¡ o bota);57,9;30;27,9;B;N;A;0;3;S;S;24
0612;Ortesis de membre inferior;061206;Ortesi de turmell i peu (tibials);OIT 010;Ortesi de Denis Browne;OIT 010B;Ortesi Denis Browne articulada, per a menors de 3 anys (prescriure a m‚s un bot¡ o bota);96,54;30;66,54;B;N;A;0;3;S;S;24
0612;Ortesis de membre inferior;061206;Ortesi de turmell i peu (tibials);OIT 020;Bot¡ multiarticulat;OIT 020A;Bot¡ multiarticulat (unitat);111,14;30;81,14;B;N;A;--;--;S;S;12
0612;Ortesis de membre inferior;061206;Ortesi de turmell i peu (tibials);OIT 030;Ortesi per a immobilitzaci¢ de l'articulaci¢ tibiotarsiana;OIT 030A;Ortesi no articulada per a immobilitzaci¢ mediolateral i de la flexoextensi¢ de l'articulaci¢ tibiotarsiana;110;30;80;B;N;A;--;--;S;N;24
0612;Ortesis de membre inferior;061206;Ortesi de turmell i peu (tibials);OIT 040;Ortesi tibial de marxa en desc…rrega;OIT 040A;Ortesi tibial de marxa en desc…rrega;259,26;30;229,26;B;S;A;--;--;S;N;24
0612;Ortesis de membre inferior;061206;Ortesi de turmell i peu (tibials);OIT 050;Ortesi de control mediolateral de l'articulaci¢ tibiotarsiana;OIT 050A;Ortesi de control mediolateral de l'articulaci¢ tibiotarsiana amb dues hemivalves i cambra d'aire o gel;99,72;30;69,72;B;N;E;--;--;S;N;24
0612;Ortesis de membre inferior;061206;Ortesi de turmell i peu (tibials);OIT 050;Ortesi de control mediolateral de l'articulaci¢ tibiotarsiana;OIT 050B;Ortesi de control mediolateral de l'articulaci¢ tibiotarsiana amb sistema de contenci¢;53,9;30;23,9;B;N;E;--;--;S;N;24
0612;Ortesis de membre inferior;061206;Ortesi de turmell i peu (tibials);OIT 050;Ortesi de control mediolateral de l'articulaci¢ tibiotarsiana;OIT 050C;Ortesi din…mica per a lligaments laterals del turmell;89,73;30;59,73;B;N;E;--;--;S;N;24
0612;Ortesis de membre inferior;061206;Ortesi de turmell i peu (tibials);OIT 060;Ortesi din…mica antiequina;OIT 060A;"Ortesi posterior antiequina, ""Rancho Los Amigos"", prefabricada";127,26;30;97,26;B;N;A;--;--;S;N;24
0612;Ortesis de membre inferior;061206;Ortesi de turmell i peu (tibials);OIT 060;Ortesi din…mica antiequina;OIT 060B;"Ortesi posterior antiequina, ""Rancho Los Amigos"", a mida";246,85;30;216,85;B;N;M;--;--;S;S;24
0612;Ortesis de membre inferior;061206;Ortesi de turmell i peu (tibials);OIT 060;Ortesi din…mica antiequina;OIT 060C;Ortesi antiequina, din…mica, en filferro d'acer ancorada a la sabata;168,3;30;138,3;B;N;A;--;--;S;N;24
0612;Ortesis de membre inferior;061206;Ortesi de turmell i peu (tibials);OIT 060;Ortesi din…mica antiequina;OIT 060D;Ortesi antiequina, din…mica amb tensor el…stic anterior;124,98;30;94,98;B;N;E;--;--;S;N;24
0612;Ortesis de membre inferior;061206;Ortesi de turmell i peu (tibials);OIT 060;Ortesi din…mica antiequina;OIT 060E;Bitutor de Klenzack, a mida (unitat);433,58;30;403,58;B;S;M;--;--;S;S;24
0612;Ortesis de membre inferior;061206;Ortesi de turmell i peu (tibials);OIT 060;Ortesi din…mica antiequina;OIT 060F;Ortesi tibial antiequina termoconformada, a mida;233,48;30;203,48;B;S;M;--;--;S;S;24
0612;Ortesis de membre inferior;061206;Ortesi de turmell i peu (tibials);OIT 060;Ortesi din…mica antiequina;OIT 060G;Ortesi tibial antiequina termoconformada amb valva anterior, a mida;285,03;30;255,03;B;N;M;--;--;S;S;24
0612;Ortesis de membre inferior;061206;Ortesi de turmell i peu (tibials);OIT 060;Ortesi din…mica antiequina;OIT 060H;Ortesi posterior din…mica antiequina, amb fleix lateral i plantilla termopl…stica per a interior de sabata;234,66;30;204,66;B;N;A;--;--;S;S;24
0612;Ortesis de membre inferior;061206;Ortesi de turmell i peu (tibials);OIT 070;Ortesi din…mica antiequina tipus DAFO;OIT 070A;Ortesi supramalúleolar tipus DAFO envoltant per a control de pronosupinaci¢, amb dorsiflexi¢ o sense, per a pacient infantil amb patologia neurol•gica, a mida;407,61;30;377,61;H;S;M;--;--;S;S;12
0612;Ortesis de membre inferior;061206;Ortesi de turmell i peu (tibials);OIT 070;Ortesi din…mica antiequina tipus DAFO;OIT 070B;Ortesi supramalúleolar tipus DAFO envoltant en mig peu flexible per a bloqueig de flexi¢ plantar, per a pacient infantil amb patologia neurol•gica, a mida;407,61;30;377,61;H;S;M;--;--;S;S;12
0612;Ortesis de membre inferior;061206;Ortesi de turmell i peu (tibials);OIT 070;Ortesi din…mica antiequina tipus DAFO;OIT 070C;Ortesi supramalúleolar tipus DAFO envoltant en mig peu flexible amb bot¡ interior per a bloqueig de flexi¢ plantar, per a pacient infantil amb patologia neurol•gica, a mida;493,72;30;463,72;H;S;M;--;--;S;S;12
0612;Ortesis de membre inferior;061206;Ortesi de turmell i peu (tibials);OIT 070;Ortesi din…mica antiequina tipus DAFO;OIT 070D;Ortesi supramalúleolar tipus DAFO envoltant en mig peu flexible amb bot¡ interior per a bloqueig de flexi¢ plantar i suport prepatelúlar, per a pacient infantil amb patologia neurol•gica, a mida;640,93;30;610,93;H;S;M;--;--;S;S;12
0612;Ortesis de membre inferior;061206;Ortesi de turmell i peu (tibials);OIT 070;Ortesi din…mica antiequina tipus DAFO;OIT 070E;Ortesi supramalúleolar tipus DAFO envoltant en mig peu, flexible amb bot¡ interior, per a bloqueig de flexi¢ plantar, articulada, per a pacient infantil amb patologia neurol•gica, a mida;503,54;30;473,54;H;S;M;--;--;S;S;12
0612;Ortesis de membre inferior;061206;Ortesi de turmell i peu (tibials);OIT 070;Ortesi din…mica antiequina tipus DAFO;OIT 070F;Ortesi supramalúleolar tipus DAFO envoltant en mig peu, flexible amb bot¡ interior, per a bloqueig de flexi¢ plantar, articulada, per a pacient infantil amb patologia neurol•gica amb hiperextensi¢ de genoll, a mida;572,04;30;542,04;H;S;M;--;--;S;S;12
0612;Ortesis de membre inferior;061206;Ortesi de turmell i peu (tibials);OIT 070;Ortesi din…mica antiequina tipus DAFO;OIT 070G;Ortesi supramalúleolar tipus DAFO envoltant per a control de pronosupinaci¢, amb dorsiflexi¢ o sense, per a pacient infantil amb patologia neurol•gica, prefabricada;154,35;30;124,35;H;S;A;--;--;S;S;12
0612;Ortesis de membre inferior;061206;Ortesi de turmell i peu (tibials);OIT 070;Ortesi din…mica antiequina tipus DAFO;OIT 070H;Ortesi supramalúleolar tipus DAFO envoltant per a control de pronosupinaci¢, amb bloqueig de la flexi¢ plantar i articulaci¢ Tamarack, que assisteix a la dorsiflexi¢, per a pacient infantil amb patologia neurol•gica, a mida;677,4;30;647,4;H;S;M;--;--;S;S;12
0612;Ortesis de membre inferior;061206;Ortesi de turmell i peu (tibials);OIT 080;Bitutor curt;OIT 080A;Bitutor curt, a mida (unitat) (prescriure a m‚s, si ho necessita, una articulaci¢ de turmell a elecci¢);325,2;30;295,2;B;N;M;--;--;S;S;24
0612;Ortesis de membre inferior;061206;Ortesi de turmell i peu (tibials);OIT 090;Polaina des del turmell fins a sota del genoll;OIT 090A;Polaina des del turmell fins a sota del genoll, a mida;212,56;30;182,56;B;S;M;--;--;S;S;24
0612;Ortesis de membre inferior;061206;Ortesi de turmell i peu (tibials);OIT 100;Ortesi funcional tipus PTB (Patellar Tendon Bearing);OIT 100A;Ortesi funcional tipus PTB (Patellar Tendon Bearing), prefabricada;207,28;30;177,28;B;N;A;--;--;S;S;24
0612;Ortesis de membre inferior;061206;Ortesi de turmell i peu (tibials);OIT 100;Ortesi funcional tipus PTB (Patellar Tendon Bearing);OIT 100B;Ortesi funcional tipus PTB (Patellar Tendon Bearing), a mida;422,72;30;392,72;B;S;M;--;--;S;S;24
0612;Ortesis de membre inferior;061206;Ortesi de turmell i peu (tibials);OIT 110;Ortesi per a la desc…rrega del peu, amb suport de tend¢ rotular;OIT 110A;Ortesi per a la desc…rrega del peu, amb suport al tend¢ rotular i estrep lliscant, amb al‡a contralateral, a mida;469,69;30;439,69;B;S;M;--;--;S;S;24
0612;Ortesis de membre inferior;061206;Ortesi de turmell i peu (tibials);OIT 900;Bot¡;OIT 900A;Bot¡ de cuir modelat per adaptar a ortesi, a mida;270,96;30;240,96;B;S;M;--;--;S;S;24
0612;Ortesis de membre inferior;061206;Ortesi de turmell i peu (tibials);OIT 900;Bot¡;OIT 900B;Bot¡ de Denis Browne per a menors de 3 anys;78,11;30;48,11;B;N;A;--;--;S;S;6
0612;Ortesis de membre inferior;061206;Ortesi de turmell i peu (tibials);OIT 910;Bota tipus b•xer per adaptar a ortesi de marxa (parell);OIT 910A;Bota tipus b•xer per adaptar a ortesi de marxa. Fins al n£mero 23 (parell);132;30;102;B;N;A;--;--;N;N;12
0612;Ortesis de membre inferior;061206;Ortesi de turmell i peu (tibials);OIT 910;Bota tipus b•xer per adaptar a ortesi de marxa (parell);OIT 910B;Bota tipus b•xer per adaptar a ortesi de marxa. N£meros 24 al 29 (parell);137,5;30;107,5;B;N;A;--;--;N;N;12
0612;Ortesis de membre inferior;061206;Ortesi de turmell i peu (tibials);OIT 910;Bota tipus b•xer per adaptar a ortesi de marxa (parell);OIT 910C;Bota tipus b•xer per adaptar a ortesi de marxa. N£meros 30 al 33 (parell);145,2;30;115,2;B;N;A;--;--;N;N;12
0612;Ortesis de membre inferior;061206;Ortesi de turmell i peu (tibials);OIT 910;Bota tipus b•xer per adaptar a ortesi de marxa (parell);OIT 910D;Bota tipus b•xer per adaptar a ortesi de marxa. N£meros 34 al 37 (parell);152,9;30;122,9;B;N;A;--;--;N;N;12
0612;Ortesis de membre inferior;061206;Ortesi de turmell i peu (tibials);OIT 910;Bota tipus b•xer per adaptar a ortesi de marxa (parell);OIT 910E;Bota tipus b•xer per adaptar a ortesi de marxa. N£meros 38 i superiors (parell);159,5;30;129,5;B;N;A;--;--;N;N;12
0612;Ortesis de membre inferior;061206;Ortesi de turmell i peu (tibials);OIT 920;Corretja en ®T¯ per a antivalg o antivar ;OIT 920A;Corretja en ®T¯ per a antivalg o antivar;50,29;30;20,29;B;N;A;--;--;S;N;24
0612;Ortesis de membre inferior;061209;Ortesis de genoll;OIR 000;Ortesi passiva per a la immobilitzaci¢ del genoll;OIR 000A;Ortesi passiva per a la immobilitzaci¢ de genoll sense articulaci¢;98,45;30;68,45;B;N;E;--;--;S;N;24
0612;Ortesis de membre inferior;061209;Ortesis de genoll;OIR 000;Ortesi passiva per a la immobilitzaci¢ del genoll;OIR 000B;Ortesi passiva per a la immobilitzaci¢ de genoll amb articulaci¢;137,39;30;107,39;B;N;A;--;--;S;N;24
0612;Ortesis de membre inferior;061209;Ortesis de genoll;OIR 010;Ortesi per a l'articulaci¢ del genoll, amb sistema d'estabilitzaci¢ (varetes, fleixos, etc;OIR 010A;Ortesi per a l'articulaci¢ de genoll, amb sistema d'estabilitzaci¢;75,9;30;45,9;B;N;E;--;--;S;N;24
0612;Ortesis de membre inferior;061209;Ortesis de genoll;OIR 010;Ortesi per a l'articulaci¢ del genoll, amb sistema d'estabilitzaci¢ (varetes, fleixos, etc;OIR 010B;Ortesi per a l'articulaci¢ de genoll, amb sistema d'estabilitzaci¢ i rodet rotuli… de compressi¢ intermitent;87,59;30;57,59;B;N;E;--;--;S;N;24
0612;Ortesis de membre inferior;061209;Ortesis de genoll;OIR 020;Ortesi de genoll estabilitzadora amb articulaci¢ graduable de flexe-extensi¢;OIR 020A;Ortesi de genoll estabilitzadora amb articulaci¢ monocŠntrica graduable de flexo-extensi¢;210,1;30;180,1;B;N;A;--;--;S;N;24
0612;Ortesis de membre inferior;061209;Ortesis de genoll;OIR 020;Ortesi de genoll estabilitzadora amb articulaci¢ graduable de flexe-extensi¢;OIR 020B;Ortesi de genoll estabilitzadora amb articulaci¢ policŠntrica graduable de flexo-extensi¢;272,59;30;242,59;B;N;A;--;--;S;N;24
0612;Ortesis de membre inferior;061209;Ortesis de genoll;OIR 030;Ortesi per al control mediolateral i de flexoextensi¢ del genoll;OIR 030A;Ortesi de genoll per a control de genu recurvatum;377,3;30;347,3;B;S;A;--;--;S;S;24
0612;Ortesis de membre inferior;061209;Ortesis de genoll;OIR 030;Ortesi per al control mediolateral i de flexoextensi¢ del genoll;OIR 030B;Ortesi de genoll per al control d'inestabilitat mediolateral (var-valg);390,17;30;360,17;B;S;A;--;--;S;S;24
0612;Ortesis de membre inferior;061209;Ortesis de genoll;OIR 030;Ortesi per al control mediolateral i de flexoextensi¢ del genoll;OIR 030C;Ortesi per al control mediolateral i de flexoextensi¢ del genoll (lligament creuat anterior [LCA] i/o posterior [LCP]);417,52;30;387,52;B;S;A;--;--;S;S;24
0612;Ortesis de membre inferior;061209;Ortesis de genoll;OIR 030;Ortesi per al control mediolateral i de flexoextensi¢ del genoll;OIR 030D;Ortesi per al control mediolateral i/o de flexoextensi¢ del genoll, a mida, sota protocol;575,04;30;545,04;B;S;M;--;--;S;S;24
0612;Ortesis de membre inferior;061212;Ortesis de genoll, turmell i peu;OIF 000;Ortesi de valva posterior de la cuixa i cama r¡gida;OIF 000A;Ortesi per a extensi¢ de genoll mitjan‡ant valva posterior de la cuixa, cama i peu, amb cingla de tracci¢ sobre genoll, en termopl…stic, a mida;350,09;30;320,09;B;S;M;--;--;S;S;24
0612;Ortesis de membre inferior;061212;Ortesis de genoll, turmell i peu;OIF 000;Ortesi de valva posterior de la cuixa i cama r¡gida;OIF 000B;Ortesi per a extensi¢ de genoll mitjan‡ant valva posterior de la cuixa, cama i peu, amb dispositiu de tracci¢ din…mica sobre genoll, en termopl…stic, a mida;436,67;30;406,67;B;S;M;--;--;S;S;24
0612;Ortesis de membre inferior;061212;Ortesis de genoll, turmell i peu;OIF 010;Ortesi d'abducci¢;OIF 010A;Ortesi d'abducci¢ de turmell a la cuixa amb platina graduable, a mida;419,79;30;389,79;B;S;M;--;--;S;S;24
0612;Ortesis de membre inferior;061212;Ortesis de genoll, turmell i peu;OIF 020;Cuixera formada en termopl…stic;OIF 020A;Cuixera formada en termopl…stic, a mida;215,19;30;185,19;B;N;M;--;--;S;S;24
0612;Ortesis de membre inferior;061212;Ortesis de genoll, turmell i peu;OIF 030;Ortesi estabilitzadora de genoll;OIF 030A;Ortesi de genoll a peu amb suport anterior a tend¢ rotular i supracondili, a mida;381,49;30;351,49;B;S;M;--;--;S;S;24
0612;Ortesis de membre inferior;061212;Ortesis de genoll, turmell i peu;OIF 040;Ortesi correctora din…mica genoll valg o var;OIF 040A;Ortesi genoll valg o var, amb barra externa o interna unida a bota, cŠrcol de la cuixa i cingla de tracci¢ el…stica per a correcci¢ din…mica (unitat), a mida;356,94;30;326,94;B;S;M;--;--;S;S;24
0612;Ortesis de membre inferior;061212;Ortesis de genoll, turmell i peu;OIF 050;Ortesi de Grenier;OIF 050A;Ortesi de Grenier amb dues valves medials de cuixa, a mida;326,67;30;296,67;B;S;M;--;--;S;S;24
0612;Ortesis de membre inferior;061212;Ortesis de genoll, turmell i peu;OIF 060;Ortesi femoral QTB (Quadrilateral Thigh Bearing);OIF 060A;Ortesi funcional QTB (Quadrilateral Thigh Bearing) en termopl…stic, a mida (prescriure a m‚s una articulaci¢ de genoll i una articulaci¢ de turmell a elecci¢);551,86;30;521,86;B;S;M;--;--;S;S;24
0612;Ortesis de membre inferior;061215;Ortesi de maluc, incloent-hi ortesi d'abducci¢;OIC 000;Ortesi d'immobilitzaci¢ de maluc sense articulaci¢;OIC 000A;Ortesi d'immobilitzaci¢ de maluc sense articulaci¢, a mida;513,12;30;483,12;B;S;M;--;--;S;S;24
0612;Ortesis de membre inferior;061215;Ortesi de maluc, incloent-hi ortesi d'abducci¢;OIC 000;Ortesi d'immobilitzaci¢ de maluc sense articulaci¢;OIC 000B;Ortesi d'immobilitzaci¢ de maluc sense articulaci¢, prefabricada;353,41;30;323,41;B;N;A;--;--;S;N;24
0612;Ortesis de membre inferior;061215;Ortesi de maluc, incloent-hi ortesi d'abducci¢;OIC 010;Ortesi per a la displ…sia congŠnita de maluc;OIC 010A;Ortesi per mantenir malucs en abducci¢ (tipus Frejka o similar);96,06;30;66,06;H;N;A;--;--;S;N;24
0612;Ortesis de membre inferior;061215;Ortesi de maluc, incloent-hi ortesi d'abducci¢;OIC 010;Ortesi per a la displ…sia congŠnita de maluc;OIC 010B;Ortesi per mantenir malucs en abducci¢ i rotaci¢ externa mitjan‡ant arnŠs amb tirants (arnŠs de Pavlik);132,63;30;102,63;H;N;A;--;--;S;S;12
0612;Ortesis de membre inferior;061215;Ortesi de maluc, incloent-hi ortesi d'abducci¢;OIC 010;Ortesi per a la displ…sia congŠnita de maluc;OIC 010C;Ortesi multiarticulada per mantenir malucs en abducci¢ i rotaci¢ externa de forma independent;733,07;30;703,07;H;S;A;--;--;S;S;24
0612;Ortesis de membre inferior;061215;Ortesi de maluc, incloent-hi ortesi d'abducci¢;OIC 020;Ortesi modular desrotat•ria de maluc;OIC 020A;Ortesi modular desrotat•ria de maluc, a mida;331,46;30;301,46;H;S;M;--;--;S;S;24
0612;Ortesis de membre inferior;061215;Ortesi de maluc, incloent-hi ortesi d'abducci¢;OIC 030;Ortesi d'Atlanta (o de l'Hospital Scottish Rite a Atlanta);OIC 030A;Ortesi d'Atlanta (o de l'Hospital Scottish Rite a Atlanta), a mida;660;30;630;H;S;M;--;--;S;S;24
0612;Ortesis de membre inferior;061215;Ortesi de maluc, incloent-hi ortesi d'abducci¢;OIC 040;Ortesi modular d'abducci¢ de maluc;OIC 040A;Ortesi modular d'abducci¢ de maluc regulable amb control de la flexoextensi¢;579,87;30;549,87;H;S;A;--;--;S;S;24
0612;Ortesis de membre inferior;061218;Ortesis de maluc, genoll, turmell i peu;OIE 000;Bitutor femoral met…lúlic;OIE 000A;Bitutor femoral met…lúlic amb cŠrcols, a mida (unitat) (prescriure a m‚s articulaci¢ de genoll i articulaci¢ de turmell a elecci¢ i, si ho necessita, un bot¡);891,12;30;861,12;H;N;M;--;--;S;S;24
0612;Ortesis de membre inferior;061218;Ortesis de maluc, genoll, turmell i peu;OIE 000;Bitutor femoral met…lúlic;OIE 000B;Bitutor femoral met…lúlic amb cuixera de suport isqui…tic, a mida (unitat) (prescriure a m‚s articulaci¢ de genoll i articulaci¢ de turmell a elecci¢ i, si ho necessita, un bot¡);991,99;30;961,99;H;S;M;--;--;S;S;24
0612;Ortesis de membre inferior;061218;Ortesis de maluc, genoll, turmell i peu;OIE 000;Bitutor femoral met…lúlic;OIE 000C;Bitutor femoral met…lúlic, amb encaix quadrangular, a mida (unitat) (prescriure a m‚s articulaci¢ de genoll i articulaci¢ de turmell a elecci¢ i, si ho necessita, un bot¡);1107,88;30;1077,88;H;S;M;--;--;S;S;24
0612;Ortesis de membre inferior;061218;Ortesis de maluc, genoll, turmell i peu;OIE 000;Bitutor femoral met…lúlic;OIE 000D;Bitutor femoral met…lúlic amb cintur¢ pelvi…, a mida (unitat) (prescriure a m‚s articulaci¢ de maluc, articulaci¢ de genoll i articulaci¢ de turmell a elecci¢ i , si ho necessita, un bot¡);1009,04;30;979,04;H;N;M;--;--;S;S;24
0612;Ortesis de membre inferior;061218;Ortesis de maluc, genoll, turmell i peu;OIE 000;Bitutor femoral met…lúlic;OIE 000E;Bitutor femoral met…lúlic amb cuixera de suport isqui…tic i cintur¢ pelvi…, a mida (unitat) (prescriure a m‚s articulaci¢ de maluc, articulaci¢ de genoll i articulaci¢ de turmell a elecci¢ i , si ho necessita, un bot¡);1109,91;30;1079,91;H;S;M;--;--;S;S;24
0612;Ortesis de membre inferior;061218;Ortesis de maluc, genoll, turmell i peu;OIE 000;Bitutor femoral met…lúlic;OIE 000F;Bitutor femoral met…lúlic, amb encaix quadrangular i cintur¢ pelvi…, a mida (unitat) (prescriure a m‚s articulaci¢ de genoll i articulaci¢ de turmell a elecci¢ i, si ho necessita, un bot¡);1225,8;30;1195,8;H;S;M;--;--;S;S;24
0612;Ortesis de membre inferior;061218;Ortesis de maluc, genoll, turmell i peu;OIE 010;Monotutor femoral;OIE 010A;Monotutor femoral laminat en resina amb articulaci¢ de genoll i articulaci¢ de turmell o ballesta, a mida;3410;30;3380;H;S;M;--;--;S;S;24
0612;Ortesis de membre inferior;061218;Ortesis de maluc, genoll, turmell i peu;OIE 020;Ortesi femoral;OIE 020A;Ortesi termoconformada al buit des de peu a ter‡ proximal de la cuixa, a mida (TPV) (prescriure a m‚s una articulaci¢ de genoll i una articulaci¢ de turmell a elecci¢);790,96;30;760,96;H;S;M;--;--;S;S;24
0612;Ortesis de membre inferior;061218;Ortesis de maluc, genoll, turmell i peu;OIE 030;Ortesi tipus Swash;OIE 030A;Ortesi d'abducci¢ variable desrotat•ria femoral (tipus Swash), infantil;956,97;30;926,97;H;S;A;--;--;S;S;24
0612;Ortesis de membre inferior;061218;Ortesis de maluc, genoll, turmell i peu;OIE 040;Ortesi femoral d'abducci¢ en acer de Tachdjian;OIE 040A;Ortesi femoral d'abducci¢ de Tachjian (unilateral) en acer, a mida, amb encaix trilateral, articulaci¢ de genoll, control de rotaci¢, estrep de marxa, mecanisme distractor del peu i al‡a contralateral;1200,03;30;1170,03;H;S;M;--;--;S;S;24
0612;Ortesis de membre inferior;061218;Ortesis de maluc, genoll, turmell i peu;OIE 050;Ortesi desrotat•ria femoral;OIE 050A;Ortesi desrotat•ria femoral (tipus twister) (unitat);252,67;30;222,67;H;N;A;--;--;S;S;18
0612;Ortesis de membre inferior;061218;Ortesis de maluc, genoll, turmell i peu;OIE 050;Ortesi desrotat•ria femoral;OIE 050B;Ortesi desrotat•ria femoral en teixit el…stic (unitat);40,7;30;10,7;H;N;A;--;--;S;S;18
0612;Ortesis de membre inferior;061218;Ortesis de maluc, genoll, turmell i peu;OIE 900;Dispositiu estabilitzador i rec¡proc per adaptar a ortesi de marxa bilateral;OIE 900A;Dispositiu estabilitzador i rec¡proc per adaptar a ortesi de marxa bilateral (prescriure a m‚s una ortesi de marxa bilateral a elecci¢);2750;30;2720;D;S;A;--;--;N;S;36
0612;Ortesis de membre inferior;061221;Articulacions de turmell;OIO 000;Articulaci¢ de turmell;OIO 000A;Articulaci¢ r¡gida de turmell lliure;125,4;0;125,4;B;N;A;--;--;S;N;24
0612;Ortesis de membre inferior;061221;Articulacions de turmell;OIO 000;Articulaci¢ de turmell;OIO 000B;Articulaci¢ r¡gida de turmell, amb control del moviment dorsal i plantar;140,8;0;140,8;B;N;A;--;--;S;N;24
0612;Ortesis de membre inferior;061221;Articulacions de turmell;OIO 000;Articulaci¢ de turmell;OIO 000C;Articulaci¢ flexible de turmell amb assistŠncia del moviment de flexi¢ dorsal i / o plantar;129,8;0;129,8;B;N;A;--;--;S;N;24
0612;Ortesis de membre inferior;061221;Articulacions de turmell;OIO 000;Articulaci¢ de turmell;OIO 000D;Articulaci¢ r¡gida de turmell amb assistŠncia din…mica del moviment de flexi¢ dorsal i / o plantar tipus Klenzack;129,01;0;129,01;B;N;A;--;--;S;N;24
0612;Ortesis de membre inferior;061221;Articulacions de turmell;OIO 000;Articulaci¢ de turmell;OIO 000E;Articulaci¢ flexible de turmell amb assistŠncia del moviment de flexi¢ dorsal i / o plantar variable;264;0;264;B;N;A;--;--;S;N;24
0612;Ortesis de membre inferior;061221;Articulacions de turmell;OIO 000;Articulaci¢ de turmell;OIO 000F;Articulaci¢ flexible de turmell amb assistŠncia del moviment de flexi¢ dorsal i / o plantar amb topall posterior;135,3;0;135,3;B;N;A;--;--;S;N;24
0612;Ortesis de membre inferior;061224;Articulacions de genoll;OIA 000;Articulaci¢ de genoll lliure;OIA 000A;Articulaci¢ de genoll lliure;163,19;0;163,19;H;N;A;--;--;S;N;24
0612;Ortesis de membre inferior;061224;Articulacions de genoll;OIA 000;Articulaci¢ de genoll lliure;OIA 000B;Articulaci¢ de genoll lliure amb eix despla‡at;278,4;0;278,4;H;N;A;--;--;S;N;24
0612;Ortesis de membre inferior;061224;Articulacions de genoll;OIA 000;Articulaci¢ de genoll lliure;OIA 000C;Articulaci¢ de genoll lliure amb assistŠncia a l'extensi¢;554,65;0;554,65;H;S;A;--;--;S;S;24
0612;Ortesis de membre inferior;061224;Articulacions de genoll;OIA 010;Articulaci¢ de genoll amb tancament d'anelles;OIA 010A;Articulaci¢ de genoll amb tancament d'anelles;301,8;0;301,8;H;N;A;--;--;S;N;24
0612;Ortesis de membre inferior;061224;Articulacions de genoll;OIA 020;Articulaci¢ de genoll amb tancament su¡s;OIA 020A;Articulaci¢ de genoll amb tancament su¡s amb sistema d'amortiment o sense;435,11;0;435,11;H;N;A;--;--;S;N;24
0612;Ortesis de membre inferior;061224;Articulacions de genoll;OIA 030;Articulaci¢ de genoll policŠntrica;OIA 030A;Articulaci¢ de genoll policŠntrica;484,37;0;484,37;H;S;A;--;--;S;S;24
0612;Ortesis de membre inferior;061224;Articulacions de genoll;OIA 040;Articulaci¢ de genoll progressiva;OIA 040A;Articulaci¢ de genoll progressiva dentada amb bloqueig en la flexi¢;580,8;0;580,8;H;S;A;--;--;S;S;24
0612;Ortesis de membre inferior;061227;Articulacions de maluc;OID 000;Articulaci¢ de maluc lliure;OID 000A;Articulaci¢ de maluc lliure, en acer;264,29;0;264,29;H;N;A;--;--;S;N;24
0612;Ortesis de membre inferior;061227;Articulacions de maluc;OID 000;Articulaci¢ de maluc lliure;OID 000B;Articulaci¢ de maluc lliure, en acer, amb moviment d'abducci¢;324,86;0;324,86;H;N;A;--;--;S;S;24
0612;Ortesis de membre inferior;061227;Articulacions de maluc;OID 010;Articulaci¢ de maluc amb tancament d'anelles;OID 010A;Articulaci¢ de maluc amb tancament d'anelles;254,43;0;254,43;H;N;A;--;--;S;N;24
0612;Ortesis de membre inferior;061227;Articulacions de maluc;OID 010;Articulaci¢ de maluc amb tancament d'anelles;OID 010B;Articulaci¢ de maluc amb tancament d'anelles i moviment d'abducci¢;324,86;0;324,86;H;N;A;--;--;S;S;24
0612;Ortesis de membre inferior;061290;Recanvis i components per a ortesis de membre inferior;OIS 900;Recanvis i components per a ortesi de membre inferior;OIS 900A;Cintur¢ pelvi… per a ortesi de membre inferior;117,92;0;117,92;B;N;A;--;--;S;N;24
0612;Ortesis de membre inferior;061290;Recanvis i components per a ortesis de membre inferior;OIS 900;Recanvis i components per a ortesi de membre inferior;OIS 900B;Cintur¢ pelvi… amb suport gluti;160,36;0;160,36;B;N;A;--;--;S;N;24
0612;Ortesis de membre inferior;061290;Recanvis i components per a ortesis de membre inferior;OIS 900;Recanvis i components per a ortesi de membre inferior;OIS 900C;Barra per a ortesi de membre inferior;23,61;0;23,61;B;N;A;--;--;S;N;24
0612;Ortesis de membre inferior;061290;Recanvis i components per a ortesis de membre inferior;OIS 900;Recanvis i components per a ortesi de membre inferior;OIS 900D;Estrep per a ortesi de membre inferior;63,27;0;63,27;B;N;A;--;--;S;N;24
0612;Ortesis de membre inferior;061290;Recanvis i components per a ortesis de membre inferior;OIS 900;Recanvis i components per a ortesi de membre inferior;OIS 900E;Cingla de tracci¢, prefabricat;17,07;0;17,07;B;N;A;--;--;S;N;18
0612;Ortesis de membre inferior;061290;Recanvis i components per a ortesis de membre inferior;OIS 900;Recanvis i components per a ortesi de membre inferior;OIS 900F;Cingla de tracci¢, a mida;110;0;110;B;N;M;--;--;S;S;24
0618;Pr•tesis membre superior;061803;Pr•tesis parcials de m…, incloent-hi les pr•tesis de dit;PSM 000;Pr•tesi per a amputaci¢ parcial de m…;PSM 000A;Pr•tesi passiva per a amputaci¢ parcial de m…, a mida, amb guant de PVC incl•s;917,58;0;917,58;H;N;M;--;--;S;S;36
0618;Pr•tesis membre superior;061803;Pr•tesis parcials de m…, incloent-hi les pr•tesis de dit;PSM 000;Pr•tesi per a amputaci¢ parcial de m…;PSM 000B;Pr•tesi passiva per a amputaci¢ parcial de m…, a mida, amb guant de silicona incl•s;1026,23;0;1026,23;H;S;M;--;--;S;S;36
0618;Pr•tesis membre superior;061803;Pr•tesis parcials de m…, incloent-hi les pr•tesis de dit;PSM 000;Pr•tesi per a amputaci¢ parcial de m…;PSM 000C;Pr•tesi per a amputaci¢ parcial de m… amb funcionalitat del polze conservada, a mida (prescriure, a m‚s, un guant);843,19;0;843,19;H;N;M;--;--;S;S;36
0618;Pr•tesis membre superior;061803;Pr•tesis parcials de m…, incloent-hi les pr•tesis de dit;PSM 010;Pr•tesi passiva per a amputaci¢ d'un dit (ep¡tesi);PSM 010A;Pr•tesis passiva de silicona per a amputaci¢ de dit ¡ndex o mitj… amb polze conservat, a mida (especial prescripci¢);2416,4;0;2416,4;H;S;M;--;--;S;S;36
0618;Pr•tesis membre superior;061806;Pr•tesis de desarticulaci¢ de canell;PSN 000;Pr•tesi passiva de desarticulaci¢ de canell;PSN 000A;Pr•tesi passiva de desarticulaci¢ de canell, a mida, amb encaix infracondili exterior r¡gid d'avantbra‡, sistema de suspensi¢, m… passiva i guant (prescriure, si cal, un encaix interior i/o beina);2166,38;0;2166,38;H;N;M;--;--;S;S;36
0618;Pr•tesis membre superior;061806;Pr•tesis de desarticulaci¢ de canell;PSN 000;Pr•tesi passiva de desarticulaci¢ de canell;PSN 000B;Pr•tesi passiva de desarticulaci¢ de canell, a mida, amb encaix supracondili exterior r¡gid d'avantbra‡, m… passiva i guant (prescriure, a m‚s, un encaix interior i/o beina);2013,49;0;2013,49;H;N;M;--;--;S;S;36
0618;Pr•tesis membre superior;061806;Pr•tesis de desarticulaci¢ de canell;PSN 010;Pr•tesi mec…nica de desarticulaci¢ de canell;PSN 010A;Pr•tesi mec…nica de desarticulaci¢ de canell, a mida, amb encaix infracondili exterior r¡gid d?avantbra‡ (prescriure, a m‚s, un sistema de suspensi¢, un sistema d'accionament cinem…tic, un terminal a elecci¢ i, si cal, un encaix interior i/o beina i un guant);1344,38;0;1344,38;H;N;M;--;--;S;S;36
0618;Pr•tesis membre superior;061806;Pr•tesis de desarticulaci¢ de canell;PSN 010;Pr•tesi mec…nica de desarticulaci¢ de canell;PSN 010B;Pr•tesi mec…nica de desarticulaci¢ de canell, a mida, amb encaix supracondili exterior r¡gid d'avantbra‡ (prescriure, a m‚s, un encaix interior i/o beina, un sistema d'accionament cinem…tic, un terminal a elecci¢ i, si cal, un guant);1503,75;0;1503,75;H;N;M;--;--;S;S;36
0618;Pr•tesis membre superior;061806;Pr•tesis de desarticulaci¢ de canell;PSN 020;Pr•tesi mioelŠctrica de desarticulaci¢ de canell;PSN 020A;Pr•tesi mioelŠctrica de desarticulaci¢ de canell, a mida, amb encaix infracondili exterior r¡gid d?avantbra‡ (prescriure, a m‚s, un sistema de suspensi¢, elŠctrodes, bateries, un carregador, un terminal a elecci¢ i, si cal, una caixa de connexi¢ per allotjar la bateria, un encaix interior i/o beina i un guant);2811,45;0;2811,45;D;S;M;--;--;S;S;36
0618;Pr•tesis membre superior;061806;Pr•tesis de desarticulaci¢ de canell;PSN 020;Pr•tesi mioelŠctrica de desarticulaci¢ de canell;PSN 020B;Pr•tesi mioelŠctrica de desarticulaci¢ de canell, a mida, amb encaix supracondili exterior r¡gid d'avantbra‡ (prescriure, a m‚s, un encaix interior i/o beina, elŠctrodes, bateries, un carregador, un terminal a elecci¢ i, si cal, una caixa de connexi¢ per allotjar la bateria i un guant);2882,37;0;2882,37;D;S;M;--;--;S;S;36
0618;Pr•tesis membre superior;061806;Pr•tesis de desarticulaci¢ de canell;PSN 900;Encaix per a pr•tesi de desarticulaci¢ de canell;PSN 900A;Encaix infracondili exterior r¡gid per a pr•tesi mec…nica de desarticulaci¢ de canell, a mida. Inclou adaptaci¢ i alineaci¢;1314,38;0;1314,38;H;N;M;--;--;S;S;24
0618;Pr•tesis membre superior;061806;Pr•tesis de desarticulaci¢ de canell;PSN 900;Encaix per a pr•tesi de desarticulaci¢ de canell;PSN 900B;Encaix supracondili exterior r¡gid per a pr•tesi mec…nica de desarticulaci¢ de canell, a mida. Inclou adaptaci¢ i alineaci¢;1473,75;0;1473,75;H;N;M;--;--;S;S;24
0618;Pr•tesis membre superior;061806;Pr•tesis de desarticulaci¢ de canell;PSN 900;Encaix per a pr•tesi de desarticulaci¢ de canell;PSN 900C;Encaix infracondili exterior r¡gid, amb trausÿ per a elŠctrodes, per a pr•tesi mioelŠctrica de desarticulaci¢ de canell, a mida. Inclou adaptaci¢ i alineaci¢;2711,45;0;2711,45;D;N;M;--;--;S;S;24
0618;Pr•tesis membre superior;061806;Pr•tesis de desarticulaci¢ de canell;PSN 900;Encaix per a pr•tesi de desarticulaci¢ de canell;PSN 900D;Encaix supracondili exterior r¡gid, amb traus per a elŠctrodes, per a pr•tesi mioelŠctrica de desarticulaci¢ de canell, a mida. Inclou adaptaci¢ i alineaci¢;2782,37;0;2782,37;D;N;M;--;--;S;S;24
0618;Pr•tesis membre superior;061806;Pr•tesis de desarticulaci¢ de canell;PSN 900;Encaix per a pr•tesi de desarticulaci¢ de canell;PSN 900E;Encaix infracondili interior en termopl…stic tou per a pr•tesi passiva o mec…nica de desarticulaci¢ de canell, a mida;412,5;0;412,5;H;N;M;--;--;S;S;24
0618;Pr•tesis membre superior;061806;Pr•tesis de desarticulaci¢ de canell;PSN 900;Encaix per a pr•tesi de desarticulaci¢ de canell;PSN 900F;Encaix infracondili interior en silicona per a pr•tesi passiva o mec…nica de desarticulaci¢ de canell, a mida;872,73;0;872,73;H;N;M;--;--;S;S;24
0618;Pr•tesis membre superior;061806;Pr•tesis de desarticulaci¢ de canell;PSN 900;Encaix per a pr•tesi de desarticulaci¢ de canell;PSN 900G;Encaix infracondili interior en termopl…stic tou, amb traus per a elŠctrodes, per a pr•tesi mioelŠctrica de desarticulaci¢ de canell, a mida;412,5;0;412,5;D;N;M;--;--;S;S;24
0618;Pr•tesis membre superior;061806;Pr•tesis de desarticulaci¢ de canell;PSN 900;Encaix per a pr•tesi de desarticulaci¢ de canell;PSN 900H;Encaix infracondili interior en silicona, amb traus per a elŠctrodes, per a pr•tesi mioelŠctrica de desarticulaci¢ de canell, a mida;878,17;0;878,17;D;N;M;--;--;S;S;24
0618;Pr•tesis membre superior;061806;Pr•tesis de desarticulaci¢ de canell;PSN 900;Encaix per a pr•tesi de desarticulaci¢ de canell;PSN 900I;Encaix supracondili interior en termopl…stic tou per a pr•tesi passiva o mec…nica de desarticulaci¢ de canell, a mida;412,5;0;412,5;H;N;M;--;--;S;S;24
0618;Pr•tesis membre superior;061806;Pr•tesis de desarticulaci¢ de canell;PSN 900;Encaix per a pr•tesi de desarticulaci¢ de canell;PSN 900J;Encaix supracondili interior en silicona per a pr•tesi passiva o mec…nica de desarticulaci¢ de canell, a mida;987,8;0;987,8;H;N;M;--;--;S;S;24
0618;Pr•tesis membre superior;061806;Pr•tesis de desarticulaci¢ de canell;PSN 900;Encaix per a pr•tesi de desarticulaci¢ de canell;PSN 900K;Encaix supracondili interior en termopl…stic tou, amb traus per a elŠctrodes, per a pr•tesi mioelŠctrica de desarticulaci¢ de canell, a mida;412,5;0;412,5;D;N;M;--;--;S;S;24
0618;Pr•tesis membre superior;061806;Pr•tesis de desarticulaci¢ de canell;PSN 900;Encaix per a pr•tesi de desarticulaci¢ de canell;PSN 900L;Encaix supracondili interior en silicona, amb traus per a elŠctrodes, per a pr•tesi mioelŠctrica de desarticulaci¢ de canell, a mida;990;0;990;D;N;M;--;--;S;S;24
0618;Pr•tesis membre superior;061809;Pr•tesis transradial (per sota del colze);PSA 000;Pr•tesi passiva transradial;PSA 000A;Pr•tesi passiva transradial, a mida, amb encaix infracondili exterior r¡gid, estructura endoesquelŠtica, coberta d'escuma, mitja i articulaci¢ de canell (prescriure, a m‚s, un sistema de suspensi¢, una m… passiva, un guant a elecci¢ i, si cal, un encaix interior i/o beina);2636,15;0;2636,15;H;N;M;--;--;S;S;36
0618;Pr•tesis membre superior;061809;Pr•tesis transradial (per sota del colze);PSA 000;Pr•tesi passiva transradial;PSA 000B;Pr•tesi passiva transradial, a mida, amb encaix supracondili exterior r¡gid, estructura endoesquelŠtica, coberta d'escuma, mitja i articulaci¢ de canell (prescriure, a m‚s, un encaix interior i/o beina, una m… passiva i un guant a elecci¢);2794,09;0;2794,09;H;N;M;--;--;S;S;36
0618;Pr•tesis membre superior;061809;Pr•tesis transradial (per sota del colze);PSA 000;Pr•tesi passiva transradial;PSA 000C;Pr•tesi passiva transradial, a mida, amb encaix infracondili exterior r¡gid, estructura exoesquelŠtica i articulaci¢ de canell (prescriure, a m‚s, un sistema de suspensi¢, una m… passiva, un guant a elecci¢ i, si cal, un encaix interior i/o beina);2206,38;0;2206,38;H;N;M;--;--;S;S;36
0618;Pr•tesis membre superior;061809;Pr•tesis transradial (per sota del colze);PSA 000;Pr•tesi passiva transradial;PSA 000D;Pr•tesi passiva transradial, a mida, amb encaix supracondili exterior r¡gid, estructura exoesquelŠtica i articulaci¢ de canell (prescriure, a m‚s, un encaix interior i/o beina, una m… passiva i un guant a elecci¢);2364,33;0;2364,33;H;N;M;--;--;S;S;36
0618;Pr•tesis membre superior;061809;Pr•tesis transradial (per sota del colze);PSA 010;Pr•tesi mec…nica transradial;PSA 010A;Pr•tesi mec…nica transradial, a mida, amb encaix infracondili exterior r¡gid i estructura exoesquelŠtica (prescriure, a m‚s, un sistema d'accionament cinem…tic, un sistema de suspensi¢, una articulaci¢ de canell, un terminal a elecci¢ i, si cal, un encaix interior i/o beina i un guant);2157,38;0;2157,38;H;N;M;--;--;S;S;36
0618;Pr•tesis membre superior;061809;Pr•tesis transradial (per sota del colze);PSA 010;Pr•tesi mec…nica transradial;PSA 010B;Pr•tesi mec…nica transradial, a mida, amb encaix supracondili exterior r¡gid i estructura exoesquelŠtica (prescriure, a m‚s, un encaix interior i/o beina, un sistema d'accionament cinem…tic, una articulaci¢ de canell, un terminal a elecci¢ i, si cal, un guant);2315,32;0;2315,32;H;N;M;--;--;S;S;36
0618;Pr•tesis membre superior;061809;Pr•tesis transradial (per sota del colze);PSA 020;Pr•tesi mioelŠctrica transradial;PSA 020A;Pr•tesi mioelŠctrica transradial, a mida, amb encaix infracondili exterior r¡gid i estructura exoesquelŠtica (prescriure, a m‚s, un sistema de suspensi¢, elŠctrodes, bateries, un carregador, una articulaci¢ de canell, un terminal a elecci¢ i, si cal, una caixa de connexi¢ per allotjar la bateria, un encaix interior i/o beina i un guant);3989,37;0;3989,37;D;S;M;--;--;S;S;36
0618;Pr•tesis membre superior;061809;Pr•tesis transradial (per sota del colze);PSA 020;Pr•tesi mioelŠctrica transradial;PSA 020B;Pr•tesi mioelŠctrica transradial, a mida, amb encaix supracondili exterior r¡gid i estructura exoesquelŠtica (prescriure, a m‚s, un encaix interior i/o beina, elŠctrodes, bateries, un carregador, una articulaci¢ de canell, un terminal a elecci¢ i, si cal, una caixa de connexi¢ per allotjar la bateria i un guant);4142,21;0;4142,21;D;S;M;--;--;S;S;36
0618;Pr•tesis membre superior;061809;Pr•tesis transradial (per sota del colze);PSA 900;Encaix per a pr•tesi transradial;PSA 900A;Encaix infracondili exterior r¡gid per a pr•tesi passiva o mec…nica transradial, a mida. Inclou adaptaci¢ i alineaci¢;1427,57;0;1427,57;H;N;M;--;--;S;S;24
0618;Pr•tesis membre superior;061809;Pr•tesis transradial (per sota del colze);PSA 900;Encaix per a pr•tesi transradial;PSA 900B;Encaix supracondili exterior r¡gid per a pr•tesi passiva o mec…nica transradial, a mida. Inclou adaptaci¢ i alineaci¢;1585,51;0;1585,51;H;N;M;--;--;S;S;24
0618;Pr•tesis membre superior;061809;Pr•tesis transradial (per sota del colze);PSA 900;Encaix per a pr•tesi transradial;PSA 900C;Encaix infracondili exterior r¡gid, amb traus per a elŠctrodes, per a pr•tesi mioelŠctrica transradial, a mida. Inclou adaptaci¢ i alineaci¢;3169,56;0;3169,56;D;N;M;--;--;S;S;24
0618;Pr•tesis membre superior;061809;Pr•tesis transradial (per sota del colze);PSA 900;Encaix per a pr•tesi transradial;PSA 900D;Encaix supracondili exterior r¡gid, amb traus per a elŠctrodes, per a pr•tesi mioelŠctrica transradial, a mida. Inclou adaptaci¢ i alineaci¢;3322,39;0;3322,39;D;N;M;--;--;S;S;24
0618;Pr•tesis membre superior;061809;Pr•tesis transradial (per sota del colze);PSA 900;Encaix per a pr•tesi transradial;PSA 900E;Encaix infracondili interior en termopl…stic tou per a pr•tesi passiva o mec…nica transradial, a mida;412,5;0;412,5;H;N;M;--;--;S;S;24
0618;Pr•tesis membre superior;061809;Pr•tesis transradial (per sota del colze);PSA 900;Encaix per a pr•tesi transradial;PSA 900F;Encaix infracondili interior en silicona per a pr•tesi passiva o mec…nica transradial, a mida;984,5;0;984,5;H;N;M;--;--;S;S;24
0618;Pr•tesis membre superior;061809;Pr•tesis transradial (per sota del colze);PSA 900;Encaix per a pr•tesi transradial;PSA 900G;Encaix infracondili interior en termopl…stic tou, amb traus per a elŠctrodes, per a pr•tesi mioelŠctrica transradial, a mida;412,5;0;412,5;D;N;M;--;--;S;S;24
0618;Pr•tesis membre superior;061809;Pr•tesis transradial (per sota del colze);PSA 900;Encaix per a pr•tesi transradial;PSA 900H;Encaix infracondili interior en silicona, amb traus per a elŠctrodes, per a pr•tesi mioelŠctrica transradial, a mida;990;0;990;D;N;M;--;--;S;S;24
0618;Pr•tesis membre superior;061809;Pr•tesis transradial (per sota del colze);PSA 900;Encaix per a pr•tesi transradial;PSA 900I;Encaix supracondili interior en termopl…stic tou per a pr•tesi passiva o mec…nica transradial, a mida;412,5;0;412,5;H;N;M;--;--;S;S;24
0618;Pr•tesis membre superior;061809;Pr•tesis transradial (per sota del colze);PSA 900;Encaix per a pr•tesi transradial;PSA 900J;Encaix supracondili interior en silicona per a pr•tesi passiva o mec…nica transradial, a mida;984,5;0;984,5;H;N;M;--;--;S;S;24
0618;Pr•tesis membre superior;061809;Pr•tesis transradial (per sota del colze);PSA 900;Encaix per a pr•tesi transradial;PSA 900K;Encaix supracondili interior en termopl…stic tou, amb traus per a elŠctrodes, per a pr•tesi mioelŠctrica transradial, a mida;412,5;0;412,5;D;N;M;--;--;S;S;24
0618;Pr•tesis membre superior;061809;Pr•tesis transradial (per sota del colze);PSA 900;Encaix per a pr•tesi transradial;PSA 900L;Encaix supracondili interior en silicona, amb traus per a elŠctrodes, per a pr•tesi mioelŠctrica transradial, a mida;990;0;990;D;N;M;--;--;S;S;24
0618;Pr•tesis membre superior;061809;Pr•tesis transradial (per sota del colze);PSA 910;Altres components de pr•tesi transradial;PSA 910A;Coberta d'escuma per a pr•tesi endoesquelŠtica transradial, a mida;369,36;0;369,36;H;N;M;--;--;S;N;12
0618;Pr•tesis membre superior;061809;Pr•tesis transradial (per sota del colze);PSA 910;Altres components de pr•tesi transradial;PSA 910B;Mitja per a pr•tesi endoesquelŠtica transradial;45;0;45;H;N;M;--;--;S;N;6
0618;Pr•tesis membre superior;061809;Pr•tesis transradial (per sota del colze);PSA 910;Altres components de pr•tesi transradial;PSA 910C;Estructura exoesquelŠtica per a pr•tesi transradial, a mida;689,82;0;689,82;H;N;M;--;--;S;S;12
0618;Pr•tesis membre superior;061812;Pr•tesis per a desarticulaci¢ de colze;PSC 000;Pr•tesi passiva de desarticulaci¢ de colze;PSC 000A;Pr•tesi passiva de desarticulaci¢ de colze, a mida, amb encaix exterior r¡gid, estructura exoesquelŠtica, articulaci¢ de canell i articulaci¢ de colze (prescriure, a m‚s, un sistema de suspensi¢, una m… passiva, un guant a elecci¢ i, si cal, un encaix interior i/o beina);3408,47;0;3408,47;H;N;M;--;--;S;S;36
0618;Pr•tesis membre superior;061812;Pr•tesis per a desarticulaci¢ de colze;PSC 010;Pr•tesi mec…nica de desarticulaci¢ de colze;PSC 010A;Pr•tesi mec…nica de desarticulaci¢ de colze, a mida, amb encaix exterior r¡gid i estructura exoesquelŠtica (prescriure, a m‚s, un sistema de suspensi¢, un sistema d'accionament cinem…tic, una articulaci¢ de colze, una articulaci¢ de canell, un terminal a elecci¢ i, si cal, un encaix interior i/o beina i un guant);2882,88;0;2882,88;H;N;M;--;--;S;S;36
0618;Pr•tesis membre superior;061812;Pr•tesis per a desarticulaci¢ de colze;PSC 020;Pr•tesi mioelŠctrica de desarticulaci¢ de colze;PSC 020A;Pr•tesi mioelŠctrica de desarticulaci¢ de colze, a mida, amb encaix exterior r¡gid i estructura exoesquelŠtica (prescriure, a m‚s, un sistema de suspensi¢, elŠctrodes, bateries, un carregador, una articulaci¢ de colze mec…nica de barres externes, una articulaci¢ de canell, un terminal a elecci¢ i, si cal, una caixa de connexi¢ per allotjar la bateria, un encaix interior i/o beina i un guant);4546,49;0;4546,49;D;S;M;--;--;S;S;36
0618;Pr•tesis membre superior;061812;Pr•tesis per a desarticulaci¢ de colze;PSC 900;Encaix per a pr•tesi de desarticulaci¢ de colze;PSC 900A;Encaix exterior r¡gid per a pr•tesi passiva o mec…nica de desarticulaci¢ de colze, a mida. Inclou adaptaci¢ i alineaci¢;1968,78;0;1968,78;H;N;M;--;--;S;S;24
0618;Pr•tesis membre superior;061812;Pr•tesis per a desarticulaci¢ de colze;PSC 900;Encaix per a pr•tesi de desarticulaci¢ de colze;PSC 900B;Encaix exterior r¡gid, amb traus per a elŠctrodes, per a pr•tesi mioelŠctrica de desarticulaci¢ de colze, a mida. Inclou adaptaci¢ i alineaci¢;3522,39;0;3522,39;D;N;M;--;--;S;S;24
0618;Pr•tesis membre superior;061812;Pr•tesis per a desarticulaci¢ de colze;PSC 900;Encaix per a pr•tesi de desarticulaci¢ de colze;PSC 900C;Encaix interior en termopl…stic tou per a pr•tesi passiva o mec…nica de desarticulaci¢ de colze, a mida;462;0;462;H;N;M;--;--;S;S;24
0618;Pr•tesis membre superior;061812;Pr•tesis per a desarticulaci¢ de colze;PSC 900;Encaix per a pr•tesi de desarticulaci¢ de colze;PSC 900D;Encaix interior en silicona per a pr•tesi passiva o mec…nica de desarticulaci¢ de colze, a mida;1129,84;0;1129,84;H;N;M;--;--;S;S;24
0618;Pr•tesis membre superior;061812;Pr•tesis per a desarticulaci¢ de colze;PSC 900;Encaix per a pr•tesi de desarticulaci¢ de colze;PSC 900E;Encaix interior en termopl…stic tou, amb traus per a elŠctrodes, per a pr•tesi mioelŠctrica de desarticulaci¢ de colze, a mida;462;0;462;D;N;M;--;--;S;S;24
0618;Pr•tesis membre superior;061812;Pr•tesis per a desarticulaci¢ de colze;PSC 900;Encaix per a pr•tesi de desarticulaci¢ de colze;PSC 900F;Encaix interior en silicona, amb traus per a elŠctrodes, per a pr•tesi mioelŠctrica de desarticulaci¢ de colze, a mida;1155;0;1155;D;N;M;--;--;S;S;24
0618;Pr•tesis membre superior;061812;Pr•tesis per a desarticulaci¢ de colze;PSC 910;Altres components de pr•tesi de desarticulaci¢ de colze;PSC 910A;Estructura exoesquelŠtica per a desarticulaci¢ de colze, a mida;864,1;0;864,1;H;N;M;--;--;S;S;24
0618;Pr•tesis membre superior;061815;Pr•tesis transhumeral (damunt del colze);PSB 000;Pr•tesi passiva transhumeral;PSB 000A;Pr•tesi passiva transhumeral, a mida, amb encaix exterior r¡gid, estructura endoesquelŠtica, coberta d'escuma i mitja (prescriure, a m‚s, un sistema de suspensi¢, una articulaci¢ de colze passiva, una articulaci¢ de canell passiva, una m… passiva, un guant a elecci¢ i, si cal, un encaix interior i/o beina);3296,13;0;3296,13;H;N;M;--;--;S;S;36
0618;Pr•tesis membre superior;061815;Pr•tesis transhumeral (damunt del colze);PSB 000;Pr•tesi passiva transhumeral;PSB 000B;Pr•tesi passiva transhumeral, a mida, amb encaix exterior r¡gid i estructura exoesquelŠtica, articulaci¢ de canell i articulaci¢ de colze (prescriure, a m‚s, un sistema de suspensi¢, una m… passiva, un guant a elecci¢ i, si cal, un encaix interior i/o beina);3607,14;0;3607,14;H;N;M;--;--;S;S;36
0618;Pr•tesis membre superior;061815;Pr•tesis transhumeral (damunt del colze);PSB 010;Pr•tesi mec…nica transhumeral;PSB 010A;Pr•tesi mec…nica transhumeral, a mida, amb encaix exterior r¡gid i estructura exoesquelŠtica (prescriure, a m‚s, un sistema d'accionament cinem…tic, un sistema de suspensi¢, una articulaci¢ de colze, una articulaci¢ de canell, un terminal a elecci¢ i, si cal, un encaix interior i/o beina i un guant);3081,55;0;3081,55;H;N;M;--;--;S;S;36
0618;Pr•tesis membre superior;061815;Pr•tesis transhumeral (damunt del colze);PSB 020;Pr•tesi mioelŠctrica transhumeral;PSB 020A;Pr•tesi mioelŠctrica transhumeral, a mida, amb encaix exterior r¡gid i estructura exoesquelŠtica (prescriure, a m‚s, un sistema de suspensi¢, elŠctrodes, bateries, un carregador, una articulaci¢ de colze, una articulaci¢ de canell, un terminal a elecci¢ i, si cal, una caixa de connexi¢ per allotjar la bateria, un encaix interior i/o beina i un guant);4858,89;0;4858,89;D;S;M;--;--;S;S;36
0618;Pr•tesis membre superior;061815;Pr•tesis transhumeral (damunt del colze);PSB 900;Encaix per a pr•tesi transhumeral;PSB 900A;Encaix exterior r¡gid per a pr•tesi passiva o mec…nica transhumeral, a mida. Inclou adaptaci¢ i alineaci¢;1975,05;0;1975,05;H;N;M;--;--;S;S;24
0618;Pr•tesis membre superior;061815;Pr•tesis transhumeral (damunt del colze);PSB 900;Encaix per a pr•tesi transhumeral;PSB 900B;Encaix exterior r¡gid, amb traus per a elŠctrodes, per a pr•tesi mioelŠctrica transhumeral, a mida. Inclou adaptaci¢ i alineaci¢;3622,39;0;3622,39;D;N;M;--;--;S;S;24
0618;Pr•tesis membre superior;061815;Pr•tesis transhumeral (damunt del colze);PSB 900;Encaix per a pr•tesi transhumeral;PSB 900C;Encaix interior en termopl…stic tou per a pr•tesi passiva o mec…nica transhumeral, a mida;462;0;462;H;N;M;--;--;S;S;24
0618;Pr•tesis membre superior;061815;Pr•tesis transhumeral (damunt del colze);PSB 900;Encaix per a pr•tesi transhumeral;PSB 900D;Encaix interior en silicona per a pr•tesi passiva o mec…nica transhumeral, a mida;1117,33;0;1117,33;H;N;M;--;--;S;S;24
0618;Pr•tesis membre superior;061815;Pr•tesis transhumeral (damunt del colze);PSB 900;Encaix per a pr•tesi transhumeral;PSB 900E;Encaix interior en termopl…stic tou, amb traus per a elŠctrodes, per a pr•tesi mioelŠctrica transhumeral, a mida;462;0;462;D;N;M;--;--;S;S;24
0618;Pr•tesis membre superior;061815;Pr•tesis transhumeral (damunt del colze);PSB 900;Encaix per a pr•tesi transhumeral;PSB 900F;Encaix interior en silicona, amb traus per a elŠctrodes, per a pr•tesi mioelŠctrica transhumeral, a mida;1155;0;1155;D;N;M;--;--;S;S;24
0618;Pr•tesis membre superior;061815;Pr•tesis transhumeral (damunt del colze);PSB 910;Altres components de pr•tesi transhumeral;PSB 910A;Coberta d'escuma per a pr•tesi endoesquelŠtica transhumeral, a mida;368,72;0;368,72;H;N;M;--;--;S;N;12
0618;Pr•tesis membre superior;061815;Pr•tesis transhumeral (damunt del colze);PSB 910;Altres components de pr•tesi transhumeral;PSB 910B;Mitja per a pr•tesi endoesquelŠtica transhumeral;45;0;45;H;N;M;--;--;S;N;6
0618;Pr•tesis membre superior;061815;Pr•tesis transhumeral (damunt del colze);PSB 910;Altres components de pr•tesi transhumeral;PSB 910C;Estructura exoesquelŠtica per a pr•tesi transhumeral, a mida;1046,5;0;1046,5;H;N;M;--;--;S;S;12
0618;Pr•tesis membre superior;061818;Pr•tesis per a desarticulaci¢ d'espatlla;PSH 000;Pr•tesi passiva de desarticulaci¢ d'espatlla;PSH 000A;Pr•tesi passiva de desarticulaci¢ d'espatlla, a mida, amb encaix exterior r¡gid, estructura endoesquelŠtica, coberta d'escuma, mitja, articulaci¢ de colze, articulaci¢ de canell i sistema de suspensi¢ (prescriure, a m‚s, una articulaci¢ d'espatlla, una m… passiva, un guant a elecci¢ i, si cal, un encaix interior i/o beina);3688,33;0;3688,33;H;N;M;--;--;S;S;36
0618;Pr•tesis membre superior;061818;Pr•tesis per a desarticulaci¢ d'espatlla;PSH 000;Pr•tesi passiva de desarticulaci¢ d'espatlla;PSH 000B;Pr•tesi passiva de desarticulaci¢ d'espatlla, a mida, amb encaix exterior r¡gid, estructura exoesquelŠtica, articulaci¢ de colze, articulaci¢ de canell i sistema de suspensi¢ (prescriure, a m‚s, una articulaci¢ d'espatlla, una m… passiva a elecci¢ i, si cal, un encaix interior i/o beina i un guant);3446,16;0;3446,16;H;N;M;--;--;S;S;36
0618;Pr•tesis membre superior;061818;Pr•tesis per a desarticulaci¢ d'espatlla;PSH 010;Pr•tesi mioelŠctrica de desarticulaci¢ d'espatlla;PSH 010A;Pr•tesi mioelŠctrica de desarticulaci¢ d'espatlla, a mida, amb encaix exterior r¡gid, estructura exoesquelŠtica i sistema de suspensi¢ (prescriure, a m‚s, elŠctrodes i/o microclau, bateries, un carregador, una articulaci¢ d'espatlla, una articulaci¢ de colze, una articulaci¢ de canell, un terminal a elecci¢ i, si cal, una caixa de connexi¢ per allotjar la bateria, un encaix interior i/o beina i un guant);3796,88;0;3796,88;D;S;M;--;--;S;S;36
0618;Pr•tesis membre superior;061818;Pr•tesis per a desarticulaci¢ d'espatlla;PSH 900;Encaix per a pr•tesi de desarticulaci¢ d'espatlla;PSH 900A;Encaix exterior r¡gid per a pr•tesi passiva de desarticulaci¢ d'espatlla, a mida. Inclou adaptaci¢ i alineaci¢;1153,69;0;1153,69;H;N;M;--;--;S;S;24
0618;Pr•tesis membre superior;061818;Pr•tesis per a desarticulaci¢ d'espatlla;PSH 900;Encaix per a pr•tesi de desarticulaci¢ d'espatlla;PSH 900B;Encaix exterior r¡gid, amb traus per a elŠctrodes, per a pr•tesi mioelŠctrica de desarticulaci¢ d'espatlla, a mida. Inclou adaptaci¢ i alineaci¢;1880;0;1880;D;N;M;--;--;S;S;24
0618;Pr•tesis membre superior;061818;Pr•tesis per a desarticulaci¢ d'espatlla;PSH 900;Encaix per a pr•tesi de desarticulaci¢ d'espatlla;PSH 900C;Encaix interior en termopl…stic tou per a pr•tesi passiva de desarticulaci¢ d'espatlla, a mida;462;0;462;H;N;M;--;--;S;S;24
0618;Pr•tesis membre superior;061818;Pr•tesis per a desarticulaci¢ d'espatlla;PSH 900;Encaix per a pr•tesi de desarticulaci¢ d'espatlla;PSH 900D;Encaix interior en silicona per a pr•tesi passiva de desarticulaci¢ d'espatlla, a mida;1197,58;0;1197,58;H;N;M;--;--;S;S;24
0618;Pr•tesis membre superior;061818;Pr•tesis per a desarticulaci¢ d'espatlla;PSH 900;Encaix per a pr•tesi de desarticulaci¢ d'espatlla;PSH 900E;Encaix interior en termopl…stic tou, amb traus per a elŠctrodes, per a pr•tesi mioelŠctrica de desarticulaci¢ d'espatlla, a mida;462;0;462;D;N;M;--;--;S;S;24
0618;Pr•tesis membre superior;061818;Pr•tesis per a desarticulaci¢ d'espatlla;PSH 900;Encaix per a pr•tesi de desarticulaci¢ d'espatlla;PSH 900F;Encaix interior en silicona, amb traus per a elŠctrodes, per a pr•tesi mioelŠctrica de desarticulaci¢ d'espatlla, a mida;1210;0;1210;D;N;M;--;--;S;S;24
0618;Pr•tesis membre superior;061818;Pr•tesis per a desarticulaci¢ d'espatlla;PSH 910;Altres components de pr•tesi de desarticulaci¢ d'espatlla;PSH 910A;Sistema de suspensi¢ per a desarticulaci¢ d'espatlla;386,84;0;386,84;H;N;A;--;--;S;S;24
0618;Pr•tesis membre superior;061818;Pr•tesis per a desarticulaci¢ d'espatlla;PSH 910;Altres components de pr•tesi de desarticulaci¢ d'espatlla;PSH 910B;Coberta d'escuma per a pr•tesi endoesquelŠtica de desarticulaci¢ d'espatlla, a mida;430,5;0;430,5;H;N;M;--;--;S;N;12
0618;Pr•tesis membre superior;061818;Pr•tesis per a desarticulaci¢ d'espatlla;PSH 910;Altres components de pr•tesi de desarticulaci¢ d'espatlla;PSH 910C;Mitja per a pr•tesi endoesquelŠtica de desarticulaci¢ d'espatlla;45;0;45;H;N;M;--;--;S;N;6
0618;Pr•tesis membre superior;061818;Pr•tesis per a desarticulaci¢ d'espatlla;PSH 910;Altres components de pr•tesi de desarticulaci¢ d'espatlla;PSH 910D;Estructura exoesquelŠtica per a pr•tesi de desarticulaci¢ d'espatlla, a mida;1310,04;0;1310,04;H;N;M;--;--;S;S;12
0618;Pr•tesis membre superior;061821;Pr•tesis per a amputaci¢ del quart superior (interescapulotor…cica);PST 000;Pr•tesi passiva interescapulotor…cica;PST 000A;Pr•tesi passiva interescapulotor…cica, a mida, amb doble encaix, estructura endoesquelŠtica, coberta d'escuma, mitja, articulaci¢ de colze, articulaci¢ de canell i sistema de suspensi¢ (prescriure, a m‚s, una articulaci¢ d'espatlla, una m… passiva, un guant a elecci¢ i, si cal, una beina);5853,04;0;5853,04;H;N;M;--;--;S;S;36
0618;Pr•tesis membre superior;061821;Pr•tesis per a amputaci¢ del quart superior (interescapulotor…cica);PST 000;Pr•tesi passiva interescapulotor…cica;PST 000B;Pr•tesi passiva interescapulotor…cica, a mida, amb doble encaix, estructura exoesquelŠtica, articulaci¢ de colze, articulaci¢ de canell i sistema de suspensi¢ (prescriure, a m‚s, una articulaci¢ d'espatlla, una m… passiva, un guant a elecci¢ i, si cal, una beina);5596,15;0;5596,15;H;N;M;--;--;S;S;36
0618;Pr•tesis membre superior;061821;Pr•tesis per a amputaci¢ del quart superior (interescapulotor…cica);PST 010;Pr•tesi mioelŠctrica interescapulotor…cica;PST 010A;Pr•tesi mioelŠctrica interescapulotor…cica, a mida, amb doble encaix, estructura exoesquelŠtica i sistema de suspensi¢ (prescriure, a m‚s, elŠctrodes i/o microclau o transductor lineal, bateries, un carregador, una articulaci¢ d'espatlla, una articulaci¢ de colze, una articulaci¢ de canell, un terminal a elecci¢, un guant i, si cal, una caixa de connexi¢ per allotjar la bateria i una beina);6960,54;0;6960,54;D;S;M;--;--;S;S;36
0618;Pr•tesis membre superior;061821;Pr•tesis per a amputaci¢ del quart superior (interescapulotor…cica);PST 900;Encaix per a pr•tesi interescapulotor…cica;PST 900A;Doble encaix per a pr•tesi interescapulotor…cica, a mida. Inclou adaptaci¢ i alineaci¢;3069,54;0;3069,54;H;N;M;--;--;S;S;24
0618;Pr•tesis membre superior;061821;Pr•tesis per a amputaci¢ del quart superior (interescapulotor…cica);PST 900;Encaix per a pr•tesi interescapulotor…cica;PST 900B;Doble encaix, amb traus per a elŠctrodes, per a pr•tesi mioelŠctrica interescapulotor…cica, a mida. Inclou adaptaci¢ i alineaci¢;4809,53;0;4809,53;D;N;M;--;--;S;S;24
0618;Pr•tesis membre superior;061821;Pr•tesis per a amputaci¢ del quart superior (interescapulotor…cica);PST 910;Altres components de pr•tesi interescapulotor…cica;PST 910A;Sistema de suspensi¢ per a pr•tesi interescapulotor…cica, a mida;481,71;0;481,71;H;N;M;--;--;S;S;24
0618;Pr•tesis membre superior;061821;Pr•tesis per a amputaci¢ del quart superior (interescapulotor…cica);PST 910;Altres components de pr•tesi interescapulotor…cica;PST 910B;Coberta d'escuma per a pr•tesi endoesquelŠtica interescapulotor…cica, a mida;434,67;0;434,67;H;N;M;--;--;S;N;12
0618;Pr•tesis membre superior;061821;Pr•tesis per a amputaci¢ del quart superior (interescapulotor…cica);PST 910;Altres components de pr•tesi interescapulotor…cica;PST 910C;Mitja per a pr•tesi endoesquelŠtica interescapulotor…cica;45;0;45;H;N;M;--;--;S;N;6
0618;Pr•tesis membre superior;061821;Pr•tesis per a amputaci¢ del quart superior (interescapulotor…cica);PST 910;Altres components de pr•tesi interescapulotor…cica;PST 910D;Estructura exoesquelŠtica per a pr•tesi interescapulotor…cica, a mida;1449,3;0;1449,3;H;N;M;--;--;S;S;12
0618;Pr•tesis membre superior;061821;Pr•tesis per a amputaci¢ del quart superior (interescapulotor…cica);PST 910;Altres components de pr•tesi interescapulotor…cica;PST 910E;Estructura endoesquelŠtica per a pr•tesi interescapulotor…cica, a mida;1148,6;0;1148,6;H;N;M;--;--;S;S;12
0618;Pr•tesis membre superior;061821;Pr•tesis per a amputaci¢ del quart superior (interescapulotor…cica);PST 910;Altres components de pr•tesi interescapulotor…cica;PST 910F;Farciment cosmŠtic de compensaci¢ de cintura escapular, a mida;495;0;495;H;N;M;--;--;S;S;24
0618;Pr•tesis membre superior;061824;Pr•tesis de m… (terminals);PSO 000;M… passiva;PSO 000A;M… passiva, d'adult;302,82;0;302,82;H;N;A;--;--;S;S;24
0618;Pr•tesis membre superior;061824;Pr•tesis de m… (terminals);PSO 000;M… passiva;PSO 000B;M… passiva, d'adult, amb polze en ressort;445,26;0;445,26;H;N;A;--;--;S;S;24
0618;Pr•tesis membre superior;061824;Pr•tesis de m… (terminals);PSO 000;M… passiva;PSO 000C;M… passiva, infantil;332,33;0;332,33;H;N;A;--;--;S;S;24
0618;Pr•tesis membre superior;061824;Pr•tesis de m… (terminals);PSO 010;M… mec…nica;PSO 010A;M… de tracci¢ cinem…tica, d'adult;604,38;0;604,38;H;N;A;--;--;S;S;24
0618;Pr•tesis membre superior;061824;Pr•tesis de m… (terminals);PSO 010;M… mec…nica;PSO 010B;M… de tracci¢ cinem…tica, infantil;732,9;0;732,9;H;N;A;--;--;S;S;24
0618;Pr•tesis membre superior;061824;Pr•tesis de m… (terminals);PSO 020;M… elŠctrica;PSO 020A;M… elŠctrica de funci¢ constant;6699,12;0;6699,12;H;S;A;--;--;S;S;24
0618;Pr•tesis membre superior;061824;Pr•tesis de m… (terminals);PSO 020;M… elŠctrica;PSO 020B;M… elŠctrica de funci¢ variable;10158,9;0;10158,9;H;S;A;--;--;S;S;24
0618;Pr•tesis membre superior;061824;Pr•tesis de m… (terminals);PSO 020;M… elŠctrica;PSO 020C;M… elŠctrica amb sistema de control sens•ric de la pressi¢, d'adult, amb processador programable incl•s;12264,35;0;12264,35;H;S;A;--;--;S;S;24
0618;Pr•tesis membre superior;061824;Pr•tesis de m… (terminals);PSO 020;M… elŠctrica;PSO 020D;M… elŠctrica, infantil;8723,48;0;8723,48;H;S;A;--;--;S;S;24
0618;Pr•tesis membre superior;061824;Pr•tesis de m… (terminals);PSO 020;M… elŠctrica;PSO 020E;M… elŠctrica multiarticulada (especial prescripci¢ i d'acord amb un protocol);30800;0;30800;D;S;A;--;--;S;S;60
0618;Pr•tesis membre superior;061824;Pr•tesis de m… (terminals);PSO 900;Guant cosmŠtic per a pr•tesi de m…;PSO 900A;Guant est…ndard de PVC, d'adult, per a pr•tesi passiva o mec…nica;226,92;0;226,92;H;N;A;--;--;S;N;6
0618;Pr•tesis membre superior;061824;Pr•tesis de m… (terminals);PSO 900;Guant cosmŠtic per a pr•tesi de m…;PSO 900B;Guant est…ndard de PVC, infantil, per a pr•tesi passiva o mec…nica;226,92;0;226,92;H;N;A;--;--;S;N;6
0618;Pr•tesis membre superior;061824;Pr•tesis de m… (terminals);PSO 900;Guant cosmŠtic per a pr•tesi de m…;PSO 900C;Guant est…ndard de silicona, d'adult, per a pr•tesi passiva o mec…nica;481,86;0;481,86;H;N;A;--;--;S;N;6
0618;Pr•tesis membre superior;061824;Pr•tesis de m… (terminals);PSO 900;Guant cosmŠtic per a pr•tesi de m…;PSO 900D;Guant est…ndard de silicona, infantil, per a pr•tesi passiva o mec…nica;481,86;0;481,86;H;N;A;--;--;S;N;6
0618;Pr•tesis membre superior;061824;Pr•tesis de m… (terminals);PSO 900;Guant cosmŠtic per a pr•tesi de m…;PSO 900E;Guant est…ndard de PVC amb recobriment especial;472,61;0;472,61;H;N;A;--;--;S;N;12
0618;Pr•tesis membre superior;061824;Pr•tesis de m… (terminals);PSO 900;Guant cosmŠtic per a pr•tesi de m…;PSO 900F;Guant est…ndard de PVC, d'adult, per a pr•tesi mioelŠctrica;229,39;0;229,39;D;N;A;--;--;S;N;6
0618;Pr•tesis membre superior;061824;Pr•tesis de m… (terminals);PSO 900;Guant cosmŠtic per a pr•tesi de m…;PSO 900G;Guant est…ndard de PVC, infantil, per a pr•tesi mioelŠctrica;341,05;0;341,05;D;N;A;--;--;S;N;6
0618;Pr•tesis membre superior;061827;Ganxos i dispositius funcionals (terminals);PSZ 000;Pin‡a mec…nica;PSZ 000A;Pin‡a mec…nica est…ndard, d'adult;529,21;0;529,21;H;N;A;--;--;S;S;24
0618;Pr•tesis membre superior;061827;Ganxos i dispositius funcionals (terminals);PSZ 000;Pin‡a mec…nica;PSZ 000B;Pin‡a mec…nica est…ndard, infantil;647,45;0;647,45;H;N;A;--;--;S;S;24
0618;Pr•tesis membre superior;061827;Ganxos i dispositius funcionals (terminals);PSZ 000;Pin‡a mec…nica;PSZ 000C;Pin‡a mec…nica amb estructura refor‡ada;1877,11;0;1877,11;H;N;A;--;--;S;S;24
0618;Pr•tesis membre superior;061827;Ganxos i dispositius funcionals (terminals);PSZ 010;Pin‡a elŠctrica;PSZ 010A;Pin‡a elŠctrica de funci¢ constant;8387,7;0;8387,7;H;S;A;--;--;S;S;24
0618;Pr•tesis membre superior;061827;Ganxos i dispositius funcionals (terminals);PSZ 010;Pin‡a elŠctrica;PSZ 010B;Pin‡a elŠctrica de funci¢ variable;10791,45;0;10791,45;H;S;A;--;--;S;S;24
0618;Pr•tesis membre superior;061830;Articulacions de canell;PSU 000;Articulaci¢ de canell per a terminal passiu;PSU 000A;Articulaci¢ de canell per a terminal passiu, endoesquelŠtica;131,41;0;131,41;H;N;A;--;--;S;S;24
0618;Pr•tesis membre superior;061830;Articulacions de canell;PSU 000;Articulaci¢ de canell per a terminal passiu;PSU 000B;Articulaci¢ de canell per a terminal passiu, exoesquelŠtica;69;0;69;H;N;A;--;--;S;S;24
0618;Pr•tesis membre superior;061830;Articulacions de canell;PSU 010;Articulaci¢ de canell per a terminal mec…nic;PSU 010A;Articulaci¢ de canell per a terminal mec…nic rodona;184,45;0;184,45;H;N;A;--;--;S;S;24
0618;Pr•tesis membre superior;061830;Articulacions de canell;PSU 010;Articulaci¢ de canell per a terminal mec…nic;PSU 010B;Articulaci¢ de canell amb enganxall a baioneta multiposicional;796,74;0;796,74;H;N;A;--;--;S;S;24
0618;Pr•tesis membre superior;061830;Articulacions de canell;PSU 010;Articulaci¢ de canell per a terminal mec…nic;PSU 010C;Articulaci¢ de canell amb enganxall a baioneta per a terminal mec…nic amb flexoextensi¢;1308,82;0;1308,82;H;N;A;--;--;S;S;24
0618;Pr•tesis membre superior;061830;Articulacions de canell;PSU 020;Articulaci¢ de canell per a terminal elŠctric;PSU 020A;Articulaci¢ de canell per a terminal elŠctric d'acoblament r…pid;584,71;0;584,71;H;N;A;--;--;S;S;24
0618;Pr•tesis membre superior;061830;Articulacions de canell;PSU 020;Articulaci¢ de canell per a terminal elŠctric;PSU 020B;Articulaci¢ de canell per a terminal elŠctric amb funci¢ pronosupinadora;1029,6;0;1029,6;H;S;A;--;--;S;S;24
0618;Pr•tesis membre superior;061830;Articulacions de canell;PSU 020;Articulaci¢ de canell per a terminal elŠctric;PSU 020C;Articulaci¢ de canell per a terminal elŠctric, infantil, amb pronosupinaci¢ passiva;1605,08;0;1605,08;H;S;A;--;--;S;S;24
0618;Pr•tesis membre superior;061830;Articulacions de canell;PSU 020;Articulaci¢ de canell per a terminal elŠctric;PSU 020D;Articulaci¢ de canell per a m… elŠctrica multiarticulada (especial prescripci¢ i d'acord amb un protocol);4290;0;4290;D;S;A;--;--;S;S;24
0618;Pr•tesis membre superior;061833;Articulacions de colze;PSD 000;Articulaci¢ de colze passiva;PSD 000A;Articulaci¢ de colze amb bloqueig passiu per a estructura endoesquelŠtica;492,1;0;492,1;H;N;A;--;--;S;S;24
0618;Pr•tesis membre superior;061833;Articulacions de colze;PSD 010;Articulaci¢ de colze mec…nica;PSD 010A;Articulaci¢ de colze mec…nica amb bloqueig de flexoextensi¢;1893,26;0;1893,26;H;N;A;--;--;S;S;24
0618;Pr•tesis membre superior;061833;Articulacions de colze;PSD 010;Articulaci¢ de colze mec…nica;PSD 010B;Articulaci¢ de colze mec…nica amb bloqueig de flexoextensi¢ i flexi¢ assistida;4388,25;0;4388,25;H;N;A;--;--;S;S;24
0618;Pr•tesis membre superior;061833;Articulacions de colze;PSD 010;Articulaci¢ de colze mec…nica;PSD 010C;Articulaci¢ de colze mec…nica amb bloqueig de flexoextensi¢, flexi¢ assistida i cablejat intern per a pr•tesis mioelŠctriques;5092,13;0;5092,13;H;S;A;--;--;S;S;24
0618;Pr•tesis membre superior;061833;Articulacions de colze;PSD 010;Articulaci¢ de colze mec…nica;PSD 010D;Articulaci¢ de colze mec…nica amb bloqueig de flexoextensi¢ electr•nic, flexi¢ assistida i cablejat intern per a pr•tesis mioelŠctriques;8374,24;0;8374,24;H;S;A;--;--;S;S;24
0618;Pr•tesis membre superior;061833;Articulacions de colze;PSD 010;Articulaci¢ de colze mec…nica;PSD 010E;Articulaci¢ de colze mec…nica amb barres externes amb bloqueig de flexoextensi¢ per a desarticulaci¢ de colze o mony¢ humeral llarg;1864,83;0;1864,83;H;N;A;--;--;S;S;24
0618;Pr•tesis membre superior;061833;Articulacions de colze;PSD 010;Articulaci¢ de colze mec…nica;PSD 010F;Articulaci¢ de colze mec…nica amb barres externes amb bloqueig de flexoextensi¢ i flexi¢ assistida per a desarticulaci¢ de colze o mony¢ humeral llarg;2649,99;0;2649,99;H;N;A;--;--;S;S;24
0618;Pr•tesis membre superior;061833;Articulacions de colze;PSD 010;Articulaci¢ de colze mec…nica;PSD 010G;Articulaci¢ de colze mec…nica multiplicadora;476,59;0;476,59;H;N;A;--;--;S;S;24
0618;Pr•tesis membre superior;061833;Articulacions de colze;PSD 010;Articulaci¢ de colze mec…nica;PSD 010H;Articulaci¢ de colze mec…nica amb bloqueig dentat;766;0;766;H;N;A;--;--;S;S;24
0618;Pr•tesis membre superior;061833;Articulacions de colze;PSD 010;Articulaci¢ de colze mec…nica;PSD 010I;Articulaci¢ de colze de fricci¢;995,79;0;995,79;H;N;A;--;--;S;S;24
0618;Pr•tesis membre superior;061833;Articulacions de colze;PSD 020;Articulaci¢ de colze elŠctrica;PSD 020A;Articulaci¢ de colze elŠctrica amb motor per a la flexoextensi¢;10194,92;0;10194,92;H;S;A;--;--;S;S;24
0618;Pr•tesis membre superior;061833;Articulacions de colze;PSD 020;Articulaci¢ de colze elŠctrica;PSD 020B;Articulaci¢ de colze amb control de  flexoextensi¢ programable i proporcional, per a £s en amputats bilaterals en l?extremitat dominant (especial prescripci¢ i d?acord amb un protocol);43352,78;0;43352,78;D;S;A;--;--;S;S;60
0618;Pr•tesis membre superior;061836;Articulacions d'espatlla;PSR 000;Articulaci¢ d'espatlla per a pr•tesi endoesquelŠtica;PSR 000A;Articulaci¢ d'espatlla passiva multiposicional;427,95;0;427,95;H;N;A;--;--;S;S;24
0618;Pr•tesis membre superior;061836;Articulacions d'espatlla;PSR 000;Articulaci¢ d'espatlla per a pr•tesi endoesquelŠtica;PSR 000B;Articulaci¢ d'espatlla passiva de flexoextensi¢ i abducci¢/adducci¢;403,32;0;403,32;H;N;A;--;--;S;S;24
0618;Pr•tesis membre superior;061836;Articulacions d'espatlla;PSR 000;Articulaci¢ d'espatlla per a pr•tesi endoesquelŠtica;PSR 000C;Articulaci¢ d'espatlla passiva de flexoextensi¢ i bloqueig;2500,28;0;2500,28;H;N;A;--;--;S;S;24
0618;Pr•tesis membre superior;061890;Components generals de pr•tesis de membre superior;PSG 900;Beina (liner), sistema de suspensi¢ i sistema d'accionament de pr•tesi de membre superior;PSG 900A;Beina interna (liner) de silicona per a pr•tesi de membre superior;902,79;0;902,79;H;N;A;--;--;S;N;6
0618;Pr•tesis membre superior;061890;Components generals de pr•tesis de membre superior;PSG 900;Beina (liner), sistema de suspensi¢ i sistema d'accionament de pr•tesi de membre superior;PSG 900B;Beina interna (liner) de silicona per a pr•tesi de membre superior, a mida, per a usuaris amb caracter¡stiques especials que no permeten adaptar les prefabricades;1431,65;0;1431,65;H;S;M;--;--;S;S;6
0618;Pr•tesis membre superior;061890;Components generals de pr•tesis de membre superior;PSG 900;Beina (liner), sistema de suspensi¢ i sistema d'accionament de pr•tesi de membre superior;PSG 900C;Sistema de suspensi¢ mitjan‡ant arnŠs per a pr•tesi de membre superior, a mida;312,27;0;312,27;H;S;M;--;--;S;S;6
0618;Pr•tesis membre superior;061890;Components generals de pr•tesis de membre superior;PSG 900;Beina (liner), sistema de suspensi¢ i sistema d'accionament de pr•tesi de membre superior;PSG 900D;Beina interna (liner) de silicona amb sistema de suspensi¢ distal (per a pin) per a pr•tesi de membre superior;764,75;0;764,75;H;N;A;--;--;S;N;6
0618;Pr•tesis membre superior;061890;Components generals de pr•tesis de membre superior;PSG 900;Beina (liner), sistema de suspensi¢ i sistema d'accionament de pr•tesi de membre superior;PSG 900E;Beina interna (liner) de silicona per a v…lvula de succi¢ per a pr•tesi de membre superior;750;0;750;H;N;A;--;--;S;N;6
0618;Pr•tesis membre superior;061890;Components generals de pr•tesis de membre superior;PSG 900;Beina (liner), sistema de suspensi¢ i sistema d'accionament de pr•tesi de membre superior;PSG 900F;V…lvula de succi¢ per a pr•tesi de membre superior;221,6;0;221,6;H;N;A;--;--;S;N;24
0618;Pr•tesis membre superior;061890;Components generals de pr•tesis de membre superior;PSG 900;Beina (liner), sistema de suspensi¢ i sistema d'accionament de pr•tesi de membre superior;PSG 900G;Sistema d'ancoratge per a beina per a pr•tesi de membre superior (pin);419,78;0;419,78;H;N;A;--;--;S;N;24
0618;Pr•tesis membre superior;061890;Components generals de pr•tesis de membre superior;PSG 900;Beina (liner), sistema de suspensi¢ i sistema d'accionament de pr•tesi de membre superior;PSG 900H;Sistema d?ancoratge per a beina per a pr•tesi de membre superior amb connexi¢ distal (tipus cord¢ o tipus adhesiu);308,92;0;308,92;H;N;A;--;--;S;N;24
0618;Pr•tesis membre superior;061890;Components generals de pr•tesis de membre superior;PSG 900;Beina (liner), sistema de suspensi¢ i sistema d'accionament de pr•tesi de membre superior;PSG 900I;Sistema d'accionament cinem…tic per a pr•tesi de membre superior, a mida;414,88;0;414,88;H;S;M;--;--;S;S;6
0618;Pr•tesis membre superior;061890;Components generals de pr•tesis de membre superior;PSG 910;Bateria, carregador i elŠctrode de pr•tesi de membre superior;PSG 910A;Bateria de liti per a pr•tesi de membre superior (parell);1411,81;0;1411,81;H;N;A;--;--;S;N;9
0618;Pr•tesis membre superior;061890;Components generals de pr•tesis de membre superior;PSG 910;Bateria, carregador i elŠctrode de pr•tesi de membre superior;PSG 910B;Bateria integral de liti amb connector extern per a la c…rrega (unitat);1331,4;0;1331,4;H;N;A;--;--;S;N;9
0618;Pr•tesis membre superior;061890;Components generals de pr•tesis de membre superior;PSG 910;Bateria, carregador i elŠctrode de pr•tesi de membre superior;PSG 910C;Bateria integral de liti amb connector extern per a la c…rrega, per a pr•tesi mioelŠctrica amb m… multiarticulada (unitat);1653,87;0;1653,87;D;N;A;--;--;S;N;9
0618;Pr•tesis membre superior;061890;Components generals de pr•tesis de membre superior;PSG 910;Bateria, carregador i elŠctrode de pr•tesi de membre superior;PSG 910D;Carregador de bateries de liti per a pr•tesi de membre superior;799,32;0;799,32;H;N;A;--;--;S;N;36
0618;Pr•tesis membre superior;061890;Components generals de pr•tesis de membre superior;PSG 910;Bateria, carregador i elŠctrode de pr•tesi de membre superior;PSG 910E;Carregador per a bateria integral de liti per a pr•tesi de membre superior;937,59;0;937,59;H;N;A;--;--;S;N;36
0618;Pr•tesis membre superior;061890;Components generals de pr•tesis de membre superior;PSG 910;Bateria, carregador i elŠctrode de pr•tesi de membre superior;PSG 910F;Carregador per a bateria integral de liti per a pr•tesi mioelŠctrica amb m… multiarticulada;984,05;0;984,05;D;N;A;--;--;S;N;36
0618;Pr•tesis membre superior;061890;Components generals de pr•tesis de membre superior;PSG 910;Bateria, carregador i elŠctrode de pr•tesi de membre superior;PSG 910G;ElŠctrode de doble canal (unitat) per a pr•tesi de membre superior;1122,73;0;1122,73;H;N;A;--;--;S;N;24
0618;Pr•tesis membre superior;061890;Components generals de pr•tesis de membre superior;PSG 910;Bateria, carregador i elŠctrode de pr•tesi de membre superior;PSG 910H;ElŠctrode digital (unitat) per a pr•tesi de membre superior;1713;0;1713;H;N;A;--;--;S;N;24
0618;Pr•tesis membre superior;061890;Components generals de pr•tesis de membre superior;PSG 910;Bateria, carregador i elŠctrode de pr•tesi de membre superior;PSG 910I;Cable per a elŠctrode de doble canal per a pr•tesi de membre superior;144,06;0;144,06;H;N;A;--;--;S;N;24
0618;Pr•tesis membre superior;061890;Components generals de pr•tesis de membre superior;PSG 910;Bateria, carregador i elŠctrode de pr•tesi de membre superior;PSG 910J;Cable per a elŠctrode digital per a pr•tesi de membre superior;147,2;0;147,2;H;N;A;--;--;S;N;24
0618;Pr•tesis membre superior;061890;Components generals de pr•tesis de membre superior;PSG 910;Bateria, carregador i elŠctrode de pr•tesi de membre superior;PSG 910K;Cable de bateria per a pr•tesi de membre superior;97,56;0;97,56;H;N;A;--;--;S;N;24
0618;Pr•tesis membre superior;061890;Components generals de pr•tesis de membre superior;PSG 910;Bateria, carregador i elŠctrode de pr•tesi de membre superior;PSG 910L;Caixa de connexi¢ per allotjar la bateria per a pr•tesi de membre superior;212,81;0;212,81;H;N;A;--;--;S;N;36
0618;Pr•tesis membre superior;061890;Components generals de pr•tesis de membre superior;PSG 920;Altres components generals de pr•tesi de membre superior;PSG 920A;Transductor lineal per a pr•tesi de membre superior;1304,27;0;1304,27;H;N;A;--;--;S;N;24
0618;Pr•tesis membre superior;061890;Components generals de pr•tesis de membre superior;PSG 920;Altres components generals de pr•tesi de membre superior;PSG 920B;Unitat de gir elŠctrica per a pr•tesi de membre superior;3192,08;0;3192,08;H;N;A;--;--;S;N;24
0618;Pr•tesis membre superior;061890;Components generals de pr•tesis de membre superior;PSG 920;Altres components generals de pr•tesi de membre superior;PSG 920C;Processador de 4 canals per a pr•tesi de membre superior;2316,56;0;2316,56;H;N;A;--;--;S;N;24
0618;Pr•tesis membre superior;061890;Components generals de pr•tesis de membre superior;PSG 920;Altres components generals de pr•tesi de membre superior;PSG 920D;Connector coaxial i corona per a pr•tesi mioelŠctrica;278,85;0;278,85;D;N;A;--;--;S;N;24
0618;Pr•tesis membre superior;061890;Components generals de pr•tesis de membre superior;PSG 920;Altres components generals de pr•tesi de membre superior;PSG 920E;Unitat de control infantil per a pr•tesi de membre superior;2003,81;0;2003,81;H;N;A;--;--;S;N;24
0618;Pr•tesis membre superior;061890;Components generals de pr•tesis de membre superior;PSG 920;Altres components generals de pr•tesi de membre superior;PSG 920F;Microclau de balanc¡ o tracci¢ per a pr•tesi de membre superior;605,57;0;605,57;H;N;A;--;--;S;N;24
0618;Pr•tesis membre superior;061890;Components generals de pr•tesis de membre superior;PSG 920;Altres components generals de pr•tesi de membre superior;PSG 920G;Cable per a microclau per a pr•tesi de membre superior;127,5;0;127,5;H;N;A;--;--;S;N;24
0618;Pr•tesis membre superior;061890;Components generals de pr•tesis de membre superior;PSG 920;Altres components generals de pr•tesi de membre superior;PSG 920H;Microclau de pressi¢ per a pr•tesi de membre superior;692,22;0;692,22;H;N;A;--;--;S;N;24
0618;Pr•tesis membre superior;061890;Components generals de pr•tesis de membre superior;PSG 920;Altres components generals de pr•tesi de membre superior;PSG 920I;Sistema BOA per a encaix de pr•tesi de membre superior;472,44;0;472,44;H;N;A;--;--;S;N;12
0624;Pr•tesis de membre inferior;062403;Pr•tesis parcials de peu, incloses les pr•tesis de dit;PIP 000;Pr•tesi per a amputaci¢ parcial o total de dits del peu;PIP 000A;Pr•tesi per a amputaci¢ total del primer dit del peu;186,66;0;186,66;H;N;M;--;--;S;S;12
0624;Pr•tesis de membre inferior;062403;Pr•tesis parcials de peu, incloses les pr•tesis de dit;PIP 000;Pr•tesi per a amputaci¢ parcial o total de dits del peu;PIP 000B;Farciment protŠtic per a amputaci¢ parcial o total dels dits centrals;195,6;0;195,6;H;N;M;--;--;S;S;12
0624;Pr•tesis de membre inferior;062403;Pr•tesis parcials de peu, incloses les pr•tesis de dit;PIP 010;Pr•tesi per a amputaci¢ transmetatarsiana o desarticulaci¢ de Lisfranc;PIP 010A;Pr•tesi per a amputaci¢ transmetatarsiana o desarticulaci¢ de Lisfranc. Plantilla amb reconstrucci¢ de l?arc transvers i fixaci¢ adequada;297;0;297;H;N;M;--;--;S;S;12
0624;Pr•tesis de membre inferior;062403;Pr•tesis parcials de peu, incloses les pr•tesis de dit;PIP 010;Pr•tesi per a amputaci¢ transmetatarsiana o desarticulaci¢ de Lisfranc;PIP 010B;Pr•tesi per a amputaci¢ transmetatarsiana o de Lisfranc. Bot¡ amb plantilla de reconstrucci¢ de l'arc i farciment de l?avantpeu;505,4;0;505,4;H;N;M;--;--;S;S;18
0624;Pr•tesis de membre inferior;062403;Pr•tesis parcials de peu, incloses les pr•tesis de dit;PIP 010;Pr•tesi per a amputaci¢ transmetatarsiana o desarticulaci¢ de Lisfranc;PIP 010C;Pr•tesi per a amputaci¢ transmetatarsiana o de Lisfranc en silicona amb farciment protŠtic anterior;1485;0;1485;H;N;M;--;--;S;S;18
0624;Pr•tesis de membre inferior;062403;Pr•tesis parcials de peu, incloses les pr•tesis de dit;PIP 020;Pr•tesi per a amputaci¢ de Chopart;PIP 020A;Pr•tesi per a amputaci¢ de Chopart. Bot¡ i farciment anterior de material el…stic;679,99;0;679,99;H;N;M;--;--;S;S;24
0624;Pr•tesis de membre inferior;062403;Pr•tesis parcials de peu, incloses les pr•tesis de dit;PIP 020;Pr•tesi per a amputaci¢ de Chopart;PIP 020B;Pr•tesi per a amputaci¢ de Chopart. Bot¡ amb farciment anat•mic i coberta cosmŠtica;1130,03;0;1130,03;H;N;M;--;--;S;S;24
0624;Pr•tesis de membre inferior;062403;Pr•tesis parcials de peu, incloses les pr•tesis de dit;PIP 020;Pr•tesi per a amputaci¢ de Chopart;PIP 020C;Pr•tesi per a amputaci¢ de Chopart en silicona amb farciment protŠtic anterior;1657,42;0;1657,42;H;N;M;--;--;S;S;24
0624;Pr•tesis de membre inferior;062403;Pr•tesis parcials de peu, incloses les pr•tesis de dit;PIP 020;Pr•tesi per a amputaci¢ de Chopart;PIP 020D;Pr•tesi per a amputaci¢ de Chopart. Encaix laminat en resina acr¡lica i puntera el…stica;1386,66;0;1386,66;H;N;M;--;--;S;S;24
0624;Pr•tesis de membre inferior;062403;Pr•tesis parcials de peu, incloses les pr•tesis de dit;PIP 020;Pr•tesi per a amputaci¢ de Chopart;PIP 020E;Pr•tesi per a amputaci¢ de Chopart. Encaix laminat en resina acr¡lica amb farciment anat•mic i coberta cosmŠtica;1647,37;0;1647,37;H;N;M;--;--;S;S;24
0624;Pr•tesis de membre inferior;062403;Pr•tesis parcials de peu, incloses les pr•tesis de dit;PIP 030;Pr•tesi per a amputaci¢ de Pirogov;PIP 030A;Pr•tesi per a amputaci¢ de Pirogov amb encaix laminat amb farciment protŠtic anterior en material el…stic i base acumuladora d'energia;1626,7;0;1626,7;H;N;M;--;--;S;S;24
0624;Pr•tesis de membre inferior;062403;Pr•tesis parcials de peu, incloses les pr•tesis de dit;PIP 030;Pr•tesi per a amputaci¢ de Pirogov;PIP 030B;Pr•tesi per a amputaci¢ de Pirogov amb encaix laminat amb farciment anat•mic i coberta cosmŠtica;1830,26;0;1830,26;H;N;M;--;--;S;S;24
0624;Pr•tesis de membre inferior;062403;Pr•tesis parcials de peu, incloses les pr•tesis de dit;PIP 030;Pr•tesi per a amputaci¢ de Pirogov;PIP 030C;Pr•tesi per a amputaci¢ de Pirogov de silicona, amb farciment anterior i base acumuladora d'energia;3025;0;3025;H;S;M;--;--;S;S;24
0624;Pr•tesis de membre inferior;062406;Pr•tesis per a la desarticulaci¢ de turmell;PIB 000;Pr•tesi de desarticulaci¢ de turmell tipus Syme;PIB 000A;Pr•tesi (encaix) de desarticulaci¢ de turmell tipus Syme, amb encaix laminat (prescriure, a m‚s, un peu tipus Syme a elecci¢ i, si cal, una beina de silicona, un sistema de suspensi¢ i una mitja);1219,41;0;1219,41;H;N;M;--;--;S;S;24
0624;Pr•tesis de membre inferior;062406;Pr•tesis per a la desarticulaci¢ de turmell;PIB 000;Pr•tesi de desarticulaci¢ de turmell tipus Syme;PIB 000B;Pr•tesi (encaix) de desarticulaci¢ de turmell tipus Syme, amb encaix laminat bivalve (prescriure, a m‚s, un peu tipus Syme a elecci¢ i, si cal, una beina de silicona i una mitja);1245,71;0;1245,71;H;N;M;--;--;S;S;24
0624;Pr•tesis de membre inferior;062406;Pr•tesis per a la desarticulaci¢ de turmell;PIB 000;Pr•tesi de desarticulaci¢ de turmell tipus Syme;PIB 000C;Pr•tesi (encaix) de desarticulaci¢ de turmell tipus Syme, amb encaix extern r¡gid i encaix interior flexible en termopl…stic tou (prescriure, a m‚s, un peu tipus Syme a elecci¢ i, si cal, un sistema de suspensi¢ i una mitja);1346,51;0;1346,51;H;N;M;--;--;S;S;24
0624;Pr•tesis de membre inferior;062406;Pr•tesis per a la desarticulaci¢ de turmell;PIB 000;Pr•tesi de desarticulaci¢ de turmell tipus Syme;PIB 000D;Pr•tesi (encaix) de desarticulaci¢ de turmell tipus Syme, amb encaix extern r¡gid i encaix interior flexible en silicona (prescriure, a m‚s, un peu tipus Syme a elecci¢ i, si cal, una mitja);1678,98;0;1678,98;H;N;M;--;--;S;S;24
0624;Pr•tesis de membre inferior;062406;Pr•tesis per a la desarticulaci¢ de turmell;PIB 900;Beina (liner) per a pr•tesi de desarticulaci¢ de turmell tipus Syme;PIB 900A;Beina (liner) de silicona per a pr•tesi de desarticulaci¢ de turmell tipus Syme, a mida;1534,5;0;1534,5;H;S;M;--;--;S;S;12
0624;Pr•tesis de membre inferior;062406;Pr•tesis per a la desarticulaci¢ de turmell;PIB 900;Beina (liner) per a pr•tesi de desarticulaci¢ de turmell tipus Syme;PIB 900B;Beina (liner) de silicona per a pr•tesi de desarticulaci¢ de turmell tipus Syme;561;0;561;H;N;A;--;--;S;N;12
0624;Pr•tesis de membre inferior;062409;Pr•tesis transtibials (sota del genoll);PIT 000;Pr•tesi transtibial amb encaix PTB;PIT 000A;Pr•tesi transtibial amb encaix PTB (prescriure, a m‚s, una estructura endoesquelŠtica, un sistema de suspensi¢, un peu a elecci¢ i, si cal, una genollera de suspensi¢, una funda, una mitja o coberta cosmŠtica i una mitja);1411,26;0;1411,26;H;N;M;--;--;S;S;24
0624;Pr•tesis de membre inferior;062409;Pr•tesis transtibials (sota del genoll);PIT 000;Pr•tesi transtibial amb encaix PTB;PIT 000B;Pr•tesi transtibial amb encaix PTB i estructura exoesquelŠtica (prescriure, a m‚s, un sistema de suspensi¢, un peu a elecci¢ i, si cal, una genollera de suspensi¢ i una mitja);2324,85;0;2324,85;H;N;M;--;--;S;S;24
0624;Pr•tesis de membre inferior;062409;Pr•tesis transtibials (sota del genoll);PIT 010;Pr•tesi transtibial amb encaix TSB;PIT 010A;Pr•tesi transtibial amb encaix TSB (prescriure, a m‚s, una estructura endoesquelŠtica, un sistema de suspensi¢, un peu a elecci¢ i, si cal, una beina, una funda, una mitja o coberta cosmŠtica i una mitja);1485,12;0;1485,12;H;N;M;--;--;S;S;24
0624;Pr•tesis de membre inferior;062409;Pr•tesis transtibials (sota del genoll);PIT 010;Pr•tesi transtibial amb encaix TSB;PIT 010B;Pr•tesi transtibial amb encaix TSB i estructura exoesquelŠtica (prescriure, a m‚s, un sistema de suspensi¢, un peu a elecci¢ i, si cal, una beina i una mitja);2392,74;0;2392,74;H;N;M;--;--;S;S;24
0624;Pr•tesis de membre inferior;062409;Pr•tesis transtibials (sota del genoll);PIT 020;Pr•tesi transtibial amb encaix KBM;PIT 020A;Pr•tesi transtibial amb encaix KBM (prescriure, a m‚s, una estructura endoesquelŠtica, un peu a elecci¢ i, si cal, una beina, una genollera de suspensi¢, una funda i una mitja o coberta cosmŠtica i una mitja);1522,35;0;1522,35;H;N;M;--;--;S;S;24
0624;Pr•tesis de membre inferior;062409;Pr•tesis transtibials (sota del genoll);PIT 020;Pr•tesi transtibial amb encaix KBM;PIT 020B;Pr•tesi transtibial amb encaix KBM i estructura exoesquelŠtica (prescriure, a m‚s, un peu a elecci¢ i, si cal, una beina, una genollera de suspensi¢ i una mitja);2343,81;0;2343,81;H;N;M;--;--;S;S;24
0624;Pr•tesis de membre inferior;062409;Pr•tesis transtibials (sota del genoll);PIT 900;Estructura per a pr•tesi transtibial;PIT 900A;Estructura endoesquelŠtica per a pr•tesi transtibial, per a usuaris fins a 45 kg de pes;831,64;0;831,64;H;N;M;--;--;S;N;24
0624;Pr•tesis de membre inferior;062409;Pr•tesis transtibials (sota del genoll);PIT 900;Estructura per a pr•tesi transtibial;PIT 900B;Estructura endoesquelŠtica per a pr•tesi transtibial, per a usuaris entre 45 i 66 kg de pes;855,01;0;855,01;H;N;M;--;--;S;N;24
0624;Pr•tesis de membre inferior;062409;Pr•tesis transtibials (sota del genoll);PIT 900;Estructura per a pr•tesi transtibial;PIT 900C;Estructura endoesquelŠtica per a pr•tesi transtibial, per a usuaris entre 66 i 100 kg de pes;865,82;0;865,82;H;N;M;--;--;S;N;24
0624;Pr•tesis de membre inferior;062409;Pr•tesis transtibials (sota del genoll);PIT 900;Estructura per a pr•tesi transtibial;PIT 900D;Estructura endoesquelŠtica per a pr•tesi transtibial, per a usuaris entre 100 i 125 kg de pes;931,51;0;931,51;H;N;M;--;--;S;N;24
0624;Pr•tesis de membre inferior;062409;Pr•tesis transtibials (sota del genoll);PIT 900;Estructura per a pr•tesi transtibial;PIT 900E;Estructura endoesquelŠtica per a pr•tesi transtibial, per a usuaris entre 125 i 166 kg de pes;1064,93;0;1064,93;H;N;M;--;--;S;N;24
0624;Pr•tesis de membre inferior;062409;Pr•tesis transtibials (sota del genoll);PIT 900;Estructura per a pr•tesi transtibial;PIT 900F;Estructura exoesquelŠtica per a pr•tesi transtibial;1276;0;1276;H;N;M;--;--;S;S;24
0624;Pr•tesis de membre inferior;062409;Pr•tesis transtibials (sota del genoll);PIT 910;Encaix tibial;PIT 910A;Encaix PTB. Inclou adaptaci¢ i alineaci¢;1558,33;0;1558,33;H;N;M;--;--;S;S;12
0624;Pr•tesis de membre inferior;062409;Pr•tesis transtibials (sota del genoll);PIT 910;Encaix tibial;PIT 910B;Encaix TSB. Inclou adaptaci¢ i alineaci¢;1667,42;0;1667,42;H;N;M;--;--;S;S;12
0624;Pr•tesis de membre inferior;062409;Pr•tesis transtibials (sota del genoll);PIT 910;Encaix tibial;PIT 910C;Encaix KBM. Inclou adaptaci¢ i alineaci¢;1731,58;0;1731,58;H;N;M;--;--;S;S;12
0624;Pr•tesis de membre inferior;062409;Pr•tesis transtibials (sota del genoll);PIT 910;Encaix tibial;PIT 910D;Encaix intern en termopl…stic tou o semigoma per a pr•tesi transtibial;451,92;0;451,92;H;N;M;--;--;S;S;12
0624;Pr•tesis de membre inferior;062409;Pr•tesis transtibials (sota del genoll);PIT 920;Beina (liner) per a pr•tesi transtibial;PIT 920A;Beina interna (liner) de silicona per a pr•tesi transtibial;512,97;0;512,97;H;N;A;--;--;S;N;6
0624;Pr•tesis de membre inferior;062409;Pr•tesis transtibials (sota del genoll);PIT 920;Beina (liner) per a pr•tesi transtibial;PIT 920B;Beina interna (liner) d?uret… per a pr•tesi transtibial;486,69;0;486,69;H;N;A;--;--;S;N;6
0624;Pr•tesis de membre inferior;062409;Pr•tesis transtibials (sota del genoll);PIT 920;Beina (liner) per a pr•tesi transtibial;PIT 920C;Beina interna (liner) en gel per a pr•tesi transtibial;439,45;0;439,45;H;N;A;--;--;S;N;6
0624;Pr•tesis de membre inferior;062409;Pr•tesis transtibials (sota del genoll);PIT 920;Beina (liner) per a pr•tesi transtibial;PIT 920D;Beina interna (liner) de silicona per a pr•tesi transtibial, a mida, per a usuaris amb caracter¡stiques especials que no permeten adaptar les prefabricades;1595;0;1595;H;S;M;--;--;S;S;6
0624;Pr•tesis de membre inferior;062409;Pr•tesis transtibials (sota del genoll);PIT 920;Beina (liner) per a pr•tesi transtibial;PIT 920E;Beina (liner) pedi…trica per a pr•tesi transtibial;717,82;0;717,82;H;N;A;--;--;S;N;6
0624;Pr•tesis de membre inferior;062409;Pr•tesis transtibials (sota del genoll);PIT 930;Sistemes de suspensi¢ mec…nics per a pr•tesi transtibial;PIT 930A;Corretja de suspensi¢ per a PTB;132;0;132;H;N;A;--;--;S;N;12
0624;Pr•tesis de membre inferior;062409;Pr•tesis transtibials (sota del genoll);PIT 930;Sistemes de suspensi¢ mec…nics per a pr•tesi transtibial;PIT 930B;Corretja de suspensi¢ per a PTB, a mida;189,2;0;189,2;H;N;M;--;--;S;N;12
0624;Pr•tesis de membre inferior;062409;Pr•tesis transtibials (sota del genoll);PIT 930;Sistemes de suspensi¢ mec…nics per a pr•tesi transtibial;PIT 930C;Cosselet femoral amb barres articulades;707,03;0;707,03;H;N;M;--;--;S;N;12
0624;Pr•tesis de membre inferior;062409;Pr•tesis transtibials (sota del genoll);PIT 930;Sistemes de suspensi¢ mec…nics per a pr•tesi transtibial;PIT 930D;??Genollera de suspensi¢ el…stica tipus neoprŠ o teixit;64,17;0;64,17;H;N;A;--;--;S;N;12
0624;Pr•tesis de membre inferior;062409;Pr•tesis transtibials (sota del genoll);PIT 930;Sistemes de suspensi¢ mec…nics per a pr•tesi transtibial;PIT 930E;Genollera de suspensi¢ per a buit;162,8;0;162,8;H;N;A;--;--;S;N;6
0624;Pr•tesis de membre inferior;062409;Pr•tesis transtibials (sota del genoll);PIT 940;Sistemes de suspensi¢ de buit passiu per a pr•tesi transtibial;PIT 940A;Suspensi¢ per v…lvula d'una via manual per a pr•tesi transtibial;97,9;0;97,9;H;N;A;--;--;S;N;18
0624;Pr•tesis de membre inferior;062409;Pr•tesis transtibials (sota del genoll);PIT 940;Sistemes de suspensi¢ de buit passiu per a pr•tesi transtibial;PIT 940B;Suspensi¢ per v…lvula d'una via autom…tica per a pr•tesi transtibial;127,32;0;127,32;H;N;A;--;--;S;N;18
0624;Pr•tesis de membre inferior;062409;Pr•tesis transtibials (sota del genoll);PIT 940;Sistemes de suspensi¢ de buit passiu per a pr•tesi transtibial;PIT 940C;Sistema de suspensi¢ hipob…rica mitjan‡ant beina interna (liner) de silicona amb un cŠrcol de segellat, per a pr•tesi transtibial;770;0;770;H;N;A;--;--;S;N;6
0624;Pr•tesis de membre inferior;062409;Pr•tesis transtibials (sota del genoll);PIT 940;Sistemes de suspensi¢ de buit passiu per a pr•tesi transtibial;PIT 940D;Sistema de suspensi¢ hipob…rica mitjan‡ant beina interna (liner) de silicona amb m‚s d'un cŠrcol de segellat, per a pr•tesi transtibial;855,48;0;855,48;H;N;A;--;--;S;N;6
0624;Pr•tesis de membre inferior;062409;Pr•tesis transtibials (sota del genoll);PIT 950;Sistemes de suspensi¢ de buit actiu per a pr•tesi transtibial;PIT 950A;Sistema de suspensi¢ de buit actiu d'alta pressi¢ mec…nic, per a pr•tesi transtibial;1870;0;1870;H;S;A;--;--;S;S;24
0624;Pr•tesis de membre inferior;062409;Pr•tesis transtibials (sota del genoll);PIT 960;Altres components i accessoris de pr•tesis transtibials;PIT 960A;Funda cosmŠtica externa per a pr•tesi endoesquelŠtica transtibial;272,85;0;272,85;H;N;M;--;--;S;N;12
0624;Pr•tesis de membre inferior;062409;Pr•tesis transtibials (sota del genoll);PIT 960;Altres components i accessoris de pr•tesis transtibials;PIT 960B;Mitja per a pr•tesi endoesquelŠtica transtibial;32,82;0;32,82;H;N;A;--;--;S;N;12
0624;Pr•tesis de membre inferior;062409;Pr•tesis transtibials (sota del genoll);PIT 960;Altres components i accessoris de pr•tesis transtibials;PIT 960C;Coberta cosmŠtica de revestiment en PVC per a pr•tesi endoesquelŠtica transtibial;540,54;0;540,54;H;N;A;--;--;S;N;12
0624;Pr•tesis de membre inferior;062409;Pr•tesis transtibials (sota del genoll);PIT 960;Altres components i accessoris de pr•tesis transtibials;PIT 960D;Coberta cosmŠtica de revestiment en silicona per a pr•tesi endoesquelŠtica transtibial;770;0;770;H;N;A;--;--;S;N;12
0624;Pr•tesis de membre inferior;062409;Pr•tesis transtibials (sota del genoll);PIT 960;Altres components i accessoris de pr•tesis transtibials;PIT 960E;Copes distals per a monyons c•nics;242;0;242;H;N;A;--;--;S;N;12
0624;Pr•tesis de membre inferior;062412;Pr•tesis per a la desarticulaci¢ de genoll;PIR 000;Pr•tesi de desarticulaci¢ de genoll amb suport distal;PIR 000A;Pr•tesi de desarticulaci¢ de genoll amb encaix extern amb suport distal (prescriure, a m‚s, una estructura endoesquelŠtica, un encaix intern i/o beina, una articulaci¢ de genoll, un peu a elecci¢ i, si cal, un sistema de suspensi¢, una funda, una mitja o coberta cosmŠtica i una mitja);1948,54;0;1948,54;H;N;M;--;--;S;S;24
0624;Pr•tesis de membre inferior;062412;Pr•tesis per a la desarticulaci¢ de genoll;PIR 000;Pr•tesi de desarticulaci¢ de genoll amb suport distal;PIR 000B;Pr•tesi de desarticulaci¢ de genoll amb encaix extern amb suport distal i estructura exoesquelŠtica (prescriure, a m‚s, un encaix intern i/o beina, una articulaci¢ de genoll, un peu a elecci¢ i, si cal, un sistema de suspensi¢ i una mitja);2887,04;0;2887,04;H;N;M;--;--;S;S;24
0624;Pr•tesis de membre inferior;062412;Pr•tesis per a la desarticulaci¢ de genoll;PIR 010;Pr•tesi de desarticulaci¢ de genoll amb suport isqui…tic;PIR 010A;Pr•tesi de desarticulaci¢ de genoll amb encaix extern amb suport isqui…tic (prescriure, a m‚s, una estructura endoesquelŠtica, un encaix intern i/o beina, una articulaci¢ de genoll, un peu a elecci¢ i, si cal, un sistema de suspensi¢, una funda, una mitja o coberta cosmŠtica i una mitja);2034,6;0;2034,6;H;N;M;--;--;S;S;24
0624;Pr•tesis de membre inferior;062412;Pr•tesis per a la desarticulaci¢ de genoll;PIR 010;Pr•tesi de desarticulaci¢ de genoll amb suport isqui…tic;PIR 010B;Pr•tesi de desarticulaci¢ de genoll amb encaix extern amb suport isqui…tic i estructura exoesquelŠtica (prescriure, a m‚s, un encaix intern i/o beina, una articulaci¢ de genoll, un peu a elecci¢ i, si cal, un sistema de suspensi¢ i una mitja);3017,04;0;3017,04;H;N;M;--;--;S;S;24
0624;Pr•tesis de membre inferior;062412;Pr•tesis per a la desarticulaci¢ de genoll;PIR 900;Estructura per a pr•tesi de desarticulaci¢ de genoll;PIR 900A;Estructura endoesquelŠtica per a pr•tesi de desarticulaci¢ de genoll, per a usuaris fins a 45 kg de pes;967,86;0;967,86;H;N;M;--;--;S;N;24
0624;Pr•tesis de membre inferior;062412;Pr•tesis per a la desarticulaci¢ de genoll;PIR 900;Estructura per a pr•tesi de desarticulaci¢ de genoll;PIR 900B;Estructura endoesquelŠtica per a pr•tesi de desarticulaci¢ de genoll, per a usuaris entre 45 i 66 kg de pes;1018,29;0;1018,29;H;N;M;--;--;S;N;24
0624;Pr•tesis de membre inferior;062412;Pr•tesis per a la desarticulaci¢ de genoll;PIR 900;Estructura per a pr•tesi de desarticulaci¢ de genoll;PIR 900C;Estructura endoesquelŠtica per a pr•tesi de desarticulaci¢ de genoll, per a usuaris entre 66 i 100 kg de pes;1054,04;0;1054,04;H;N;M;--;--;S;N;24
0624;Pr•tesis de membre inferior;062412;Pr•tesis per a la desarticulaci¢ de genoll;PIR 900;Estructura per a pr•tesi de desarticulaci¢ de genoll;PIR 900D;Estructura endoesquelŠtica per a pr•tesi de desarticulaci¢ de genoll, per a usuaris entre 100 i 125 kg de pes;1098,37;0;1098,37;H;N;M;--;--;S;N;24
0624;Pr•tesis de membre inferior;062412;Pr•tesis per a la desarticulaci¢ de genoll;PIR 900;Estructura per a pr•tesi de desarticulaci¢ de genoll;PIR 900E;Estructura endoesquelŠtica per a pr•tesi de desarticulaci¢ de genoll, per a usuaris entre 125 i 166 kg de pes;1116,7;0;1116,7;H;N;M;--;--;S;N;24
0624;Pr•tesis de membre inferior;062412;Pr•tesis per a la desarticulaci¢ de genoll;PIR 900;Estructura per a pr•tesi de desarticulaci¢ de genoll;PIR 900F;Estructura exoesquelŠtica per a pr•tesi de desarticulaci¢ de genoll;1390,4;0;1390,4;H;N;M;--;--;S;N;24
0624;Pr•tesis de membre inferior;062412;Pr•tesis per a la desarticulaci¢ de genoll;PIR 910;Encaix per a pr•tesi de desarticulaci¢ de genoll;PIR 910A;Encaix extern per a pr•tesi de desarticulaci¢ de genoll amb suport distal. Inclou adaptaci¢ i alineaci¢;2168,28;0;2168,28;H;N;M;--;--;S;S;12
0624;Pr•tesis de membre inferior;062412;Pr•tesis per a la desarticulaci¢ de genoll;PIR 910;Encaix per a pr•tesi de desarticulaci¢ de genoll;PIR 910B;Encaix extern per a pr•tesi de desarticulaci¢ de genoll amb suport isqui…tic. Inclou adaptaci¢ i alineaci¢;2316,78;0;2316,78;H;N;M;--;--;S;S;12
0624;Pr•tesis de membre inferior;062412;Pr•tesis per a la desarticulaci¢ de genoll;PIR 910;Encaix per a pr•tesi de desarticulaci¢ de genoll;PIR 910C;Encaix intern en termopl…stic tou o semigoma per a pr•tesi de desarticulaci¢ de genoll;815,83;0;815,83;H;N;M;--;--;S;S;12
0624;Pr•tesis de membre inferior;062412;Pr•tesis per a la desarticulaci¢ de genoll;PIR 910;Encaix per a pr•tesi de desarticulaci¢ de genoll;PIR 910D;Encaix intern en silicona per a pr•tesi de desarticulaci¢ de genoll;1862,67;0;1862,67;H;N;M;--;--;S;S;12
0624;Pr•tesis de membre inferior;062412;Pr•tesis per a la desarticulaci¢ de genoll;PIR 920;Beina (liner) per a pr•tesi de desarticulaci¢ de genoll;PIR 920A;Beina interna (liner) de silicona per a pr•tesi de desarticulaci¢ de genoll;692,11;0;692,11;H;N;A;--;--;S;N;6
0624;Pr•tesis de membre inferior;062412;Pr•tesis per a la desarticulaci¢ de genoll;PIR 920;Beina (liner) per a pr•tesi de desarticulaci¢ de genoll;PIR 920B;Beina interna (liner) d?uret… per a pr•tesi de desarticulaci¢ de genoll;486,69;0;486,69;H;N;A;--;--;S;N;6
0624;Pr•tesis de membre inferior;062412;Pr•tesis per a la desarticulaci¢ de genoll;PIR 920;Beina (liner) per a pr•tesi de desarticulaci¢ de genoll;PIR 920C;Beina interna (liner) de gel per a pr•tesi de desarticulaci¢ de genoll;506,66;0;506,66;H;N;A;--;--;S;N;6
0624;Pr•tesis de membre inferior;062412;Pr•tesis per a la desarticulaci¢ de genoll;PIR 920;Beina (liner) per a pr•tesi de desarticulaci¢ de genoll;PIR 920D;Beina interna (liner) de silicona per a pr•tesi de desarticulaci¢ de genoll, a mida, per a usuaris amb caracter¡stiques especials que no permeten adaptar les prefabricades;1650;0;1650;H;S;M;--;--;S;S;6
0624;Pr•tesis de membre inferior;062412;Pr•tesis per a la desarticulaci¢ de genoll;PIR 920;Beina (liner) per a pr•tesi de desarticulaci¢ de genoll;PIR 920E;Beina interna (liner) pedi…trica per a pr•tesi de desarticulaci¢ de genoll;717,82;0;717,82;H;N;A;--;--;S;N;6
0624;Pr•tesis de membre inferior;062412;Pr•tesis per a la desarticulaci¢ de genoll;PIR 930;Altres components i accessoris de pr•tesi de desarticulaci¢ de genoll;PIR 930A;Funda cosmŠtica externa per a pr•tesi endoesquelŠtica de desarticulaci¢ de genoll;385;0;385;H;N;M;--;--;S;N;12
0624;Pr•tesis de membre inferior;062412;Pr•tesis per a la desarticulaci¢ de genoll;PIR 930;Altres components i accessoris de pr•tesi de desarticulaci¢ de genoll;PIR 930B;Mitja per a pr•tesi endoesquelŠtica de desarticulaci¢ de genoll;35,31;0;35,31;H;N;A;--;--;S;N;12
0624;Pr•tesis de membre inferior;062412;Pr•tesis per a la desarticulaci¢ de genoll;PIR 930;Altres components i accessoris de pr•tesi de desarticulaci¢ de genoll;PIR 930C;Coberta cosmŠtica de revestiment en PVC per a pr•tesi endoesquelŠtica de desarticulaci¢ de genoll;621,5;0;621,5;H;N;A;--;--;S;N;12
0624;Pr•tesis de membre inferior;062412;Pr•tesis per a la desarticulaci¢ de genoll;PIR 930;Altres components i accessoris de pr•tesi de desarticulaci¢ de genoll;PIR 930D;??Coberta cosmŠtica de revestiment en silicona per a pr•tesi endoesquelŠtica de desarticulaci¢ de genoll;1045;0;1045;H;N;A;--;--;S;N;12
0624;Pr•tesis de membre inferior;062415;Pr•tesis transfemorals (per damunt del genoll);PIF 000;Pr•tesi transfemoral amb encaix quadrangular;PIF 000A;Pr•tesi transfemoral amb encaix quadrangular (prescriure, a m‚s, una estructura endoesquelŠtica, un sistema de suspensi¢, una articulaci¢ de genoll, un peu a elecci¢ i, si cal, un encaix intern i/o beina, una funda, una mitja o coberta cosmŠtica i una mitja);2134,89;0;2134,89;H;N;M;--;--;S;S;24
0624;Pr•tesis de membre inferior;062415;Pr•tesis transfemorals (per damunt del genoll);PIF 000;Pr•tesi transfemoral amb encaix quadrangular;PIF 000B;Pr•tesi transfemoral amb encaix quadrangular i estructura exoesquelŠtica (prescriure, a m‚s, un sistema de suspensi¢, una articulaci¢ de genoll, un peu a elecci¢ i, si cal, un encaix intern i/o beina i una mitja);3189,62;0;3189,62;H;N;M;--;--;S;S;24
0624;Pr•tesis de membre inferior;062415;Pr•tesis transfemorals (per damunt del genoll);PIF 010;Pr•tesi transfemoral amb encaix quadrangular ISNY;PIF 010A;Pr•tesi transfemoral amb encaix quadrangular ISNY (prescriure, a m‚s, una estructura endoesquelŠtica, un sistema de suspensi¢, una articulaci¢ de genoll, un peu a elecci¢ i, si cal, una beina, una funda, una mitja o coberta cosmŠtica i una mitja);2391,72;0;2391,72;H;N;M;--;--;S;S;24
0624;Pr•tesis de membre inferior;062415;Pr•tesis transfemorals (per damunt del genoll);PIF 010;Pr•tesi transfemoral amb encaix quadrangular ISNY;PIF 010B;Pr•tesi transfemoral amb encaix quadrangular ISNY i estructura exoesquelŠtica (prescriure, a m‚s, un sistema de suspensi¢, una articulaci¢ de genoll, un peu a elecci¢ i, si cal, una beina i una mitja);3649,21;0;3649,21;H;N;M;--;--;S;S;24
0624;Pr•tesis de membre inferior;062415;Pr•tesis transfemorals (per damunt del genoll);PIF 020;Pr•tesi transfemoral amb encaix CAT-CAM;PIF 020A;Pr•tesi transfemoral amb encaix CAT-CAM (prescriure, a m‚s, una estructura endoesquelŠtica, un sistema de suspensi¢, una articulaci¢ de genoll, un peu a elecci¢ i, si cal, un encaix intern i/o beina, una funda, una mitja o coberta cosmŠtica i una mitja);2460,57;0;2460,57;H;N;M;--;--;S;S;24
0624;Pr•tesis de membre inferior;062415;Pr•tesis transfemorals (per damunt del genoll);PIF 020;Pr•tesi transfemoral amb encaix CAT-CAM;PIF 020B;Pr•tesi transfemoral amb encaix CAT-CAM i estructura exoesquelŠtica (prescriure, a m‚s, un sistema de suspensi¢, una articulaci¢ de genoll, un peu a elecci¢ i, si cal, un encaix intern i/o beina i una mitja);3677,53;0;3677,53;H;N;M;--;--;S;S;24
0624;Pr•tesis de membre inferior;062415;Pr•tesis transfemorals (per damunt del genoll);PIF 030;Pr•tesi transfemoral amb encaix CAT-CAM ISNY;PIF 030A;Pr•tesi transfemoral amb encaix CAT-CAM ISNY (prescriure, a m‚s, una estructura endoesquelŠtica, un sistema de suspensi¢, una articulaci¢ de genoll, un peu a elecci¢ i, si cal, una beina, una funda, una mitja o coberta cosmŠtica i una mitja);3198,67;0;3198,67;H;N;M;--;--;S;S;24
0624;Pr•tesis de membre inferior;062415;Pr•tesis transfemorals (per damunt del genoll);PIF 030;Pr•tesi transfemoral amb encaix CAT-CAM ISNY;PIF 030B;Pr•tesi transfemoral amb encaix CAT-CAM ISNY i estructura exoesquelŠtica (prescriure, a m‚s, un sistema de suspensi¢, una articulaci¢ de genoll, un peu a elecci¢ i, si cal, una beina i una mitja);4261,43;0;4261,43;H;N;M;--;--;S;S;24
0624;Pr•tesis de membre inferior;062415;Pr•tesis transfemorals (per damunt del genoll);PIF 040;Pr•tesi transfemoral amb encaix de contacte total;PIF 040A;Pr•tesi transfemoral amb encaix extern de contacte total (prescriure, a m‚s, una estructura endoesquelŠtica, un sistema de suspensi¢, una articulaci¢ de genoll, un peu a elecci¢ i, si cal, un encaix intern i/o beina, una funda, una mitja o coberta cosmŠtica i una mitja);2296,77;0;2296,77;H;N;M;--;--;S;S;24
0624;Pr•tesis de membre inferior;062415;Pr•tesis transfemorals (per damunt del genoll);PIF 900;Estructura per a pr•tesi transfemoral;PIF 900A;Estructura endoesquelŠtica per a pr•tesi transfemoral, per a usuaris fins a 45 kg de pes;980,69;0;980,69;H;N;M;--;--;S;N;24
0624;Pr•tesis de membre inferior;062415;Pr•tesis transfemorals (per damunt del genoll);PIF 900;Estructura per a pr•tesi transfemoral;PIF 900B;Estructura endoesquelŠtica per a pr•tesi transfemoral, per a usuaris entre 45 i 66 kg de pes;921,12;0;921,12;H;N;M;--;--;S;N;24
0624;Pr•tesis de membre inferior;062415;Pr•tesis transfemorals (per damunt del genoll);PIF 900;Estructura per a pr•tesi transfemoral;PIF 900C;Estructura endoesquelŠtica per a pr•tesi transfemoral, per a usuaris entre 66 i 100 kg de pes;1068,71;0;1068,71;H;N;M;--;--;S;N;24
0624;Pr•tesis de membre inferior;062415;Pr•tesis transfemorals (per damunt del genoll);PIF 900;Estructura per a pr•tesi transfemoral;PIF 900D;Estructura endoesquelŠtica per a pr•tesi transfemoral, per a usuaris entre 100 i 125 kg de pes;1101,12;0;1101,12;H;N;M;--;--;S;N;24
0624;Pr•tesis de membre inferior;062415;Pr•tesis transfemorals (per damunt del genoll);PIF 900;Estructura per a pr•tesi transfemoral;PIF 900E;Estructura endoesquelŠtica per a pr•tesi transfemoral, per a usuaris entre 125 i 166 kg de pes;1124,95;0;1124,95;H;N;M;--;--;S;N;24
0624;Pr•tesis de membre inferior;062415;Pr•tesis transfemorals (per damunt del genoll);PIF 900;Estructura per a pr•tesi transfemoral;PIF 900F;Estructura exoesquelŠtica per a pr•tesi transfemoral;1564,2;0;1564,2;H;N;M;--;--;S;N;24
0624;Pr•tesis de membre inferior;062415;Pr•tesis transfemorals (per damunt del genoll);PIF 910;Encaix femoral;PIF 910A;Encaix extern quadrangular. Inclou adaptaci¢ i alineaci¢;2337,5;0;2337,5;H;N;M;--;--;S;S;12
0624;Pr•tesis de membre inferior;062415;Pr•tesis transfemorals (per damunt del genoll);PIF 910;Encaix femoral;PIF 910B;Encaix extern quadrangular ISNY. Inclou adaptaci¢ i alineaci¢;2744,5;0;2744,5;H;N;M;--;--;S;S;12
0624;Pr•tesis de membre inferior;062415;Pr•tesis transfemorals (per damunt del genoll);PIF 910;Encaix femoral;PIF 910C;Encaix extern CAT-CAM. Inclou adaptaci¢ i alineaci¢;2707,83;0;2707,83;H;N;M;--;--;S;S;12
0624;Pr•tesis de membre inferior;062415;Pr•tesis transfemorals (per damunt del genoll);PIF 910;Encaix femoral;PIF 910D;Encaix extern CAT-CAM ISNY. Inclou adaptaci¢ i alineaci¢;3138,67;0;3138,67;H;N;M;--;--;S;S;12
0624;Pr•tesis de membre inferior;062415;Pr•tesis transfemorals (per damunt del genoll);PIF 910;Encaix femoral;PIF 910E;Encaix extern de contacte total per a pr•tesi transfemoral. Inclou adaptaci¢ i alineaci¢;2678,5;0;2678,5;H;N;M;--;--;S;S;12
0624;Pr•tesis de membre inferior;062415;Pr•tesis transfemorals (per damunt del genoll);PIF 910;Encaix femoral;PIF 910F;Encaix intern de termopl…stic tou o semigoma per a pr•tesi transfemoral;491,33;0;491,33;H;N;M;--;--;S;S;12
0624;Pr•tesis de membre inferior;062415;Pr•tesis transfemorals (per damunt del genoll);PIF 920;Beina (liner) per a pr•tesi transfemoral;PIF 920A;Beina interna (liner) de silicona per a pr•tesi transfemoral;585,75;0;585,75;H;N;A;--;--;S;N;6
0624;Pr•tesis de membre inferior;062415;Pr•tesis transfemorals (per damunt del genoll);PIF 920;Beina (liner) per a pr•tesi transfemoral;PIF 920B;Beina interna (liner) en gel per a pr•tesi transfemoral;575,83;0;575,83;H;N;A;--;--;S;N;6
0624;Pr•tesis de membre inferior;062415;Pr•tesis transfemorals (per damunt del genoll);PIF 920;Beina (liner) per a pr•tesi transfemoral;PIF 920C;Beina interna (liner) de silicona per a pr•tesi transfemoral, a mida, per a usuaris amb caracter¡stiques especials que no permeten adaptar les prefabricades;1595;0;1595;H;S;M;--;--;S;S;6
0624;Pr•tesis de membre inferior;062415;Pr•tesis transfemorals (per damunt del genoll);PIF 920;Beina (liner) per a pr•tesi transfemoral;PIF 920D;Beina interna (liner) pedi…trica per a pr•tesi transfemoral;717,82;0;717,82;H;N;A;--;--;S;N;6
0624;Pr•tesis de membre inferior;062415;Pr•tesis transfemorals (per damunt del genoll);PIF 930;Sistemes de suspensi¢ mec…nics per a pr•tesi transfemoral;PIF 930A;Sistema de suspensi¢ amb cintur¢ i corretja lateral per a pr•tesi transfemoral;187,79;0;187,79;H;N;M;--;--;S;N;12
0624;Pr•tesis de membre inferior;062415;Pr•tesis transfemorals (per damunt del genoll);PIF 930;Sistemes de suspensi¢ mec…nics per a pr•tesi transfemoral;PIF 930B;Sistema de suspensi¢ amb cintur¢, corretja lateral i medial i petita polea per a pr•tesi transfemoral;272,36;0;272,36;H;N;M;--;--;S;N;12
0624;Pr•tesis de membre inferior;062415;Pr•tesis transfemorals (per damunt del genoll);PIF 930;Sistemes de suspensi¢ mec…nics per a pr•tesi transfemoral;PIF 930C;Sistema de suspensi¢ per corretja distal per a pr•tesi transfemoral;298,85;0;298,85;H;N;A;--;--;S;N;6
0624;Pr•tesis de membre inferior;062415;Pr•tesis transfemorals (per damunt del genoll);PIF 930;Sistemes de suspensi¢ mec…nics per a pr•tesi transfemoral;PIF 930D;??Sistema de subjecci¢ femoral el…stic tipus neoprŠ o teixit per a pr•tesi transfemoral;154,06;0;154,06;H;N;A;--;--;S;N;18
0624;Pr•tesis de membre inferior;062415;Pr•tesis transfemorals (per damunt del genoll);PIF 940;Sistemes de suspensi¢ de buit passiu per a pr•tesi transfemoral;PIF 940A;Suspensi¢ per v…lvula d'una via manual per a pr•tesi transfemoral;97,9;0;97,9;H;N;A;--;--;S;N;18
0624;Pr•tesis de membre inferior;062415;Pr•tesis transfemorals (per damunt del genoll);PIF 940;Sistemes de suspensi¢ de buit passiu per a pr•tesi transfemoral;PIF 940B;Suspensi¢ per v…lvula d'una via autom…tica per a pr•tesi transfemoral;127,32;0;127,32;H;N;A;--;--;S;N;18
0624;Pr•tesis de membre inferior;062415;Pr•tesis transfemorals (per damunt del genoll);PIF 940;Sistemes de suspensi¢ de buit passiu per a pr•tesi transfemoral;PIF 940C;Sistema de suspensi¢ hipob…rica mitjan‡ant beina interna (liner) de silicona amb un cŠrcol de segellat, per a pr•tesi transfemoral;770;0;770;H;N;A;--;--;S;N;6
0624;Pr•tesis de membre inferior;062415;Pr•tesis transfemorals (per damunt del genoll);PIF 940;Sistemes de suspensi¢ de buit passiu per a pr•tesi transfemoral;PIF 940D;Sistema de suspensi¢ hipob…rica mitjan‡ant beina interna (liner) de silicona amb m‚s d'un cŠrcol de segellat, per a pr•tesi transfemoral;985,81;0;985,81;H;N;A;--;--;S;N;6
0624;Pr•tesis de membre inferior;062415;Pr•tesis transfemorals (per damunt del genoll);PIF 950;Sistemes de suspensi¢ de buit actiu per a pr•tesi transfemoral;PIF 950A;Sistema de suspensi¢ de buit actiu d'alta pressi¢ mec…nic, per a pr•tesi transfemoral;2266;0;2266;H;S;A;--;--;S;S;24
0624;Pr•tesis de membre inferior;062415;Pr•tesis transfemorals (per damunt del genoll);PIF 960;Altres components i accessoris de pr•tesis transfemorals;PIF 960A;Funda cosmŠtica per a pr•tesi endoesquelŠtica transfemoral;550;0;550;H;N;M;--;--;S;N;12
0624;Pr•tesis de membre inferior;062415;Pr•tesis transfemorals (per damunt del genoll);PIF 960;Altres components i accessoris de pr•tesis transfemorals;PIF 960B;Mitja per a pr•tesi endoesquelŠtica transfemoral;42,24;0;42,24;H;N;A;--;--;S;N;12
0624;Pr•tesis de membre inferior;062415;Pr•tesis transfemorals (per damunt del genoll);PIF 960;Altres components i accessoris de pr•tesis transfemorals;PIF 960C;Coberta cosmŠtica de revestiment en PVC per a pr•tesi endoesquelŠtica transfemoral;605;0;605;H;N;A;--;--;S;N;12
0624;Pr•tesis de membre inferior;062415;Pr•tesis transfemorals (per damunt del genoll);PIF 960;Altres components i accessoris de pr•tesis transfemorals;PIF 960D;Coberta cosmŠtica de revestiment en silicona per a pr•tesi endoesquelŠtica transfemoral;935;0;935;H;N;A;--;--;S;N;12
0624;Pr•tesis de membre inferior;062418;Pr•tesis per a la desarticulaci¢ del maluc;PIC 000;Pr•tesi de desarticulaci¢ de maluc amb encaix pelvi…;PIC 000A;Pr•tesi de desarticulaci¢ de maluc amb encaix pelvi… (prescriure, a m‚s, una estructura endoesquelŠtica, una articulaci¢ de maluc, una articulaci¢ de genoll, un peu a elecci¢ i, si cal, un encaix intern, una funda i una mitja);3174,35;0;3174,35;H;N;M;--;--;S;S;24
0624;Pr•tesis de membre inferior;062418;Pr•tesis per a la desarticulaci¢ del maluc;PIC 900;Estructura per a pr•tesi de desarticulaci¢ de maluc;PIC 900A;Estructura endoesquelŠtica per a pr•tesi de desarticulaci¢ de maluc, per a usuaris fins a 45 kg de pes;1697,3;0;1697,3;H;N;M;--;--;S;N;24
0624;Pr•tesis de membre inferior;062418;Pr•tesis per a la desarticulaci¢ del maluc;PIC 900;Estructura per a pr•tesi de desarticulaci¢ de maluc;PIC 900B;Estructura endoesquelŠtica per a pr•tesi de desarticulaci¢ de maluc, per a usuaris entre 45 i 66 kg de pes;1741,3;0;1741,3;H;N;M;--;--;S;N;24
0624;Pr•tesis de membre inferior;062418;Pr•tesis per a la desarticulaci¢ del maluc;PIC 900;Estructura per a pr•tesi de desarticulaci¢ de maluc;PIC 900C;Estructura endoesquelŠtica per a pr•tesi de desarticulaci¢ de maluc, per a usuaris entre 66 i 100 kg de pes;1763,3;0;1763,3;H;N;M;--;--;S;N;24
0624;Pr•tesis de membre inferior;062418;Pr•tesis per a la desarticulaci¢ del maluc;PIC 900;Estructura per a pr•tesi de desarticulaci¢ de maluc;PIC 900D;Estructura endoesquelŠtica per a pr•tesi de desarticulaci¢ de maluc, per a usuaris entre 100 i 125 kg de pes;1795,2;0;1795,2;H;N;M;--;--;S;N;24
0624;Pr•tesis de membre inferior;062418;Pr•tesis per a la desarticulaci¢ del maluc;PIC 900;Estructura per a pr•tesi de desarticulaci¢ de maluc;PIC 900E;Estructura endoesquelŠtica per a pr•tesi de desarticulaci¢ de maluc, per a usuaris entre 125 i 166 kg de pes;1815;0;1815;H;N;M;--;--;S;N;24
0624;Pr•tesis de membre inferior;062418;Pr•tesis per a la desarticulaci¢ del maluc;PIC 910;Encaix per a pr•tesi de desarticulaci¢ de maluc;PIC 910A;Encaix extern per a pr•tesi de desarticulaci¢ de maluc. Inclou adaptaci¢ i alineaci¢;3556,67;0;3556,67;H;N;M;--;--;S;S;12
0624;Pr•tesis de membre inferior;062418;Pr•tesis per a la desarticulaci¢ del maluc;PIC 910;Encaix per a pr•tesi de desarticulaci¢ de maluc;PIC 910B;Encaix intern en termopl…stic tou o semigoma per a pr•tesi de desarticulaci¢ de maluc;870,83;0;870,83;H;N;M;--;--;S;S;12
0624;Pr•tesis de membre inferior;062418;Pr•tesis per a la desarticulaci¢ del maluc;PIC 910;Encaix per a pr•tesi de desarticulaci¢ de maluc;PIC 910C;Encaix intern de silicona per a pr•tesi de desarticulaci¢ de maluc;2457,58;0;2457,58;H;N;M;--;--;S;S;12
0624;Pr•tesis de membre inferior;062418;Pr•tesis per a la desarticulaci¢ del maluc;PIC 920;Altres components i accessoris de pr•tesi de desarticulaci¢ de maluc;PIC 920A;Funda cosmŠtica per a pr•tesi de desarticulaci¢ de maluc;586,29;0;586,29;H;N;M;--;--;S;N;12
0624;Pr•tesis de membre inferior;062418;Pr•tesis per a la desarticulaci¢ del maluc;PIC 920;Altres components i accessoris de pr•tesi de desarticulaci¢ de maluc;PIC 920B;Mitja per a pr•tesi de desarticulaci¢ de maluc;99,87;0;99,87;H;N;M;--;--;S;N;12
0624;Pr•tesis de membre inferior;062421;Pr•tesis d'hemipelvectomia;PIV 000;Pr•tesi d'hemipelvectomia amb encaix pelvi…;PIV 000A;Pr•tesi d?hemipelvectomia amb encaix pelvi… (prescriure, a m‚s, una estructura endoesquelŠtica, una articulaci¢ de maluc, una articulaci¢ de genoll, un peu a elecci¢ i, si cal, un encaix intern, una funda i una mitja);3382,87;0;3382,87;H;N;M;--;--;S;S;24
0624;Pr•tesis de membre inferior;062421;Pr•tesis d'hemipelvectomia;PIV 900;Estructura per a pr•tesi d'hemipelvectomia;PIV 900A;Estructura endoesquelŠtica per a pr•tesi d?hemipelvectomia, per a usuaris fins a 45 kg de pes;1723,7;0;1723,7;H;N;M;--;--;S;N;24
0624;Pr•tesis de membre inferior;062421;Pr•tesis d'hemipelvectomia;PIV 900;Estructura per a pr•tesi d'hemipelvectomia;PIV 900B;Estructura endoesquelŠtica per a pr•tesi d?hemipelvectomia, per a usuaris entre 45 i 66 kg de pes;1767,7;0;1767,7;H;N;M;--;--;S;N;24
0624;Pr•tesis de membre inferior;062421;Pr•tesis d'hemipelvectomia;PIV 900;Estructura per a pr•tesi d'hemipelvectomia;PIV 900C;Estructura endoesquelŠtica per a pr•tesi d?hemipelvectomia, per a usuaris entre 66 i 100 kg de pes;1789,7;0;1789,7;H;N;M;--;--;S;N;24
0624;Pr•tesis de membre inferior;062421;Pr•tesis d'hemipelvectomia;PIV 900;Estructura per a pr•tesi d'hemipelvectomia;PIV 900D;Estructura endoesquelŠtica per a pr•tesi d?hemipelvectomia, per a usuaris entre 100 i 125 kg de pes;1832,6;0;1832,6;H;N;M;--;--;S;N;24
0624;Pr•tesis de membre inferior;062421;Pr•tesis d'hemipelvectomia;PIV 900;Estructura per a pr•tesi d'hemipelvectomia;PIV 900E;Estructura endoesquelŠtica per a pr•tesi d?hemipelvectomia, per a usuaris entre 125 i 166 kg de pes;1849,1;0;1849,1;H;N;M;--;--;S;N;24
0624;Pr•tesis de membre inferior;062421;Pr•tesis d'hemipelvectomia;PIV 910;Encaix per a pr•tesi d'hemipelvectomia;PIV 910A;Encaix extern per a pr•tesi d?hemipelvectomia. Inclou adaptaci¢ i alineaci¢;3721,67;0;3721,67;H;N;M;--;--;S;S;12
0624;Pr•tesis de membre inferior;062421;Pr•tesis d'hemipelvectomia;PIV 910;Encaix per a pr•tesi d'hemipelvectomia;PIV 910B;Encaix intern en termopl…stic tou o semigoma per a pr•tesi d?hemipelvectomia;906,58;0;906,58;H;N;M;--;--;S;S;12
0624;Pr•tesis de membre inferior;062421;Pr•tesis d'hemipelvectomia;PIV 910;Encaix per a pr•tesi d'hemipelvectomia;PIV 910C;Encaix intern de silicona per a pr•tesi d?hemipelvectomia;2731,67;0;2731,67;H;N;M;--;--;S;S;12
0624;Pr•tesis de membre inferior;062421;Pr•tesis d'hemipelvectomia;PIV 920;Altres components i accessoris de pr•tesi d'hemipelvectomia;PIV 920A;Funda cosmŠtica per a pr•tesi d?hemipelvectomia;590,35;0;590,35;H;N;M;--;--;S;N;12
0624;Pr•tesis de membre inferior;062421;Pr•tesis d'hemipelvectomia;PIV 920;Altres components i accessoris de pr•tesi d'hemipelvectomia;PIV 920B;Mitja per a pr•tesi d?hemipelvectomia;101,52;0;101,52;H;N;M;--;--;S;N;12
0624;Pr•tesis de membre inferior;062427;Peus protŠtics;PIE 000;Peu no articulat;PIE 000A;Peu no articulat (SACH) d'adult, d'impacte baix a moderat;158,84;0;158,84;H;N;A;--;--;S;S;24
0624;Pr•tesis de membre inferior;062427;Peus protŠtics;PIE 000;Peu no articulat;PIE 000B;Peu no articulat (SACH) pedi…tric, d'impacte baix a moderat;248,8;0;248,8;H;N;A;--;--;S;S;24
0624;Pr•tesis de membre inferior;062427;Peus protŠtics;PIE 000;Peu no articulat;PIE 000C;Peu no articulat (SACH) de quilla curta o din…mic, d'impacte baix a moderat;318;0;318;H;N;A;--;--;S;S;24
0624;Pr•tesis de membre inferior;062427;Peus protŠtics;PIE 000;Peu no articulat;PIE 000D;Peu no articulat geri…tric, d'impacte baix;198,92;0;198,92;H;N;A;--;--;S;S;24
0624;Pr•tesis de membre inferior;062427;Peus protŠtics;PIE 000;Peu no articulat;PIE 000E;Peu b…sic tipus Syme, d'impacte baix;879,93;0;879,93;H;N;A;--;--;S;S;24
0624;Pr•tesis de membre inferior;062427;Peus protŠtics;PIE 000;Peu no articulat;PIE 000F;Peu especial tipus Syme, d'impacte moderat a alt;1383,29;0;1383,29;H;N;A;--;--;S;S;24
0624;Pr•tesis de membre inferior;062427;Peus protŠtics;PIE 010;Peu articulat;PIE 010A;Peu articulat monoaxial, d'impacte baix a moderat;458,68;0;458,68;H;N;A;--;--;S;S;24
0624;Pr•tesis de membre inferior;062427;Peus protŠtics;PIE 010;Peu articulat;PIE 010B;Peu d'articulaci¢ i impulsi¢ mitjan‡ant sistema el…stic intern, d'impacte baix a moderat;669,22;0;669,22;H;N;A;--;--;S;S;24
0624;Pr•tesis de membre inferior;062427;Peus protŠtics;PIE 010;Peu articulat;PIE 010C;Peu d'eix m£ltiple, d'impacte moderat a alt;769,29;0;769,29;H;N;A;--;--;S;S;24
0624;Pr•tesis de membre inferior;062427;Peus protŠtics;PIE 010;Peu articulat;PIE 010D;Peu amb regulaci¢ d'altura de tal¢, d'impacte baix a moderat;2297,19;0;2297,19;H;S;A;--;--;S;S;24
0624;Pr•tesis de membre inferior;062427;Peus protŠtics;PIE 020;Peu din…mic;PIE 020A;Peu emmagatzemador d'energia d'adult, d'impacte baix;721,26;0;721,26;H;S;A;--;--;S;S;24
0624;Pr•tesis de membre inferior;062427;Peus protŠtics;PIE 020;Peu din…mic;PIE 020B;Peu emmagatzemador d'energia d'adult, d'impacte moderat;1294,08;0;1294,08;H;S;A;--;--;S;S;24
0624;Pr•tesis de membre inferior;062427;Peus protŠtics;PIE 020;Peu din…mic;PIE 020C;Peu emmagatzemador d'energia d'adult, d'impacte alt;2204,74;0;2204,74;H;S;A;--;--;S;S;24
0624;Pr•tesis de membre inferior;062427;Peus protŠtics;PIE 020;Peu din…mic;PIE 020D;Peu emmagatzemador d'energia pedi…tric, d'impacte baix;1122,14;0;1122,14;H;S;A;--;--;S;S;24
0624;Pr•tesis de membre inferior;062427;Peus protŠtics;PIE 020;Peu din…mic;PIE 020E;Peu emmagatzemador d'energia pedi…tric, d'impacte moderat;1223,41;0;1223,41;H;S;A;--;--;S;S;24
0624;Pr•tesis de membre inferior;062427;Peus protŠtics;PIE 020;Peu din…mic;PIE 020F;Peu emmagatzemador d'energia pedi…tric, d'impacte alt (especial prescripci¢);1438,69;0;1438,69;H;S;A;--;--;S;S;24
0624;Pr•tesis de membre inferior;062427;Peus protŠtics;PIE 020;Peu din…mic;PIE 020G;Peu emmagatzemador d'energia regulable en al‡ada;2495,3;0;2495,3;H;S;A;--;--;S;S;24
0624;Pr•tesis de membre inferior;062430;Rotadors;PIO 000;Rotatori;PIO 000A;Rotatori per a pr•tesis transfemorals;598,56;0;598,56;H;N;A;--;--;S;S;36
0624;Pr•tesis de membre inferior;062430;Rotadors;PIO 010;Dispositiu d'amortiment i forces de torsi¢;PIO 010A;Dispositiu d'amortiment i forces de torsi¢. Inclou alineaci¢;932,25;0;932,25;H;N;A;--;--;S;S;36
0624;Pr•tesis de membre inferior;062433;Articulacions de genoll;PIL 000;Articulaci¢ de genoll exoesquelŠtica monocŠntrica per a adult;PIL 000A;Articulaci¢ de genoll exoesquelŠtica monocŠntrica mec…nica, amb bloqueig manual a voluntat;765,71;0;765,71;H;N;A;--;--;S;S;30
0624;Pr•tesis de membre inferior;062433;Articulacions de genoll;PIL 000;Articulaci¢ de genoll exoesquelŠtica monocŠntrica per a adult;PIL 000B;Articulaci¢ de genoll exoesquelŠtica monocŠntrica mec…nica, amb dispositiu de recuperaci¢ de l'extensi¢, control de la fase de balanceig i bloqueig a la c…rrega;854,16;0;854,16;H;N;A;--;--;S;S;30
0624;Pr•tesis de membre inferior;062433;Articulacions de genoll;PIL 010;Articulaci¢ de genoll endoesquelŠtica monocŠntrica per a adult;PIL 010A;Articulaci¢ de genoll endoesquelŠtica monocŠntrica mec…nica, amb bloqueig manual a voluntat;409,76;0;409,76;H;N;A;--;--;S;S;30
0624;Pr•tesis de membre inferior;062433;Articulacions de genoll;PIL 010;Articulaci¢ de genoll endoesquelŠtica monocŠntrica per a adult;PIL 010B;Articulaci¢ de genoll endoesquelŠtica monocŠntrica mec…nica, amb dispositiu de recuperaci¢ de l'extensi¢ i bloqueig a la c…rrega;935;0;935;H;N;A;--;--;S;S;30
0624;Pr•tesis de membre inferior;062433;Articulacions de genoll;PIL 010;Articulaci¢ de genoll endoesquelŠtica monocŠntrica per a adult;PIL 010C;Articulaci¢ de genoll endoesquelŠtica monocŠntrica mec…nica, amb dispositiu de recuperaci¢ de l'extensi¢, control de la fase de balanceig i bloqueig a la c…rrega;951,19;0;951,19;H;N;A;--;--;S;S;30
0624;Pr•tesis de membre inferior;062433;Articulacions de genoll;PIL 010;Articulaci¢ de genoll endoesquelŠtica monocŠntrica per a adult;PIL 010D;Articulaci¢ de genoll endoesquelŠtica monocŠntrica mec…nica, amb control de la fase de balanceig, bloqueig a la c…rrega i amb opci¢ d'afegir bloqueig manual a voluntat;1070,88;0;1070,88;H;N;A;--;--;S;S;30
0624;Pr•tesis de membre inferior;062433;Articulacions de genoll;PIL 010;Articulaci¢ de genoll endoesquelŠtica monocŠntrica per a adult;PIL 010E;Articulaci¢ de genoll endoesquelŠtica monocŠntrica pneum…tica, amb control regulable de la fase de balanceig i bloqueig a la c…rrega, per a nivell d'activitat de baix a moderat;2103,65;0;2103,65;H;N;A;--;--;S;S;30
0624;Pr•tesis de membre inferior;062433;Articulacions de genoll;PIL 010;Articulaci¢ de genoll endoesquelŠtica monocŠntrica per a adult;PIL 010F;Articulaci¢ de genoll endoesquelŠtica monocŠntrica pneum…tica, amb control regulable de la fase de balanceig i bloqueig a la c…rrega, per a nivell d'activitat d'alt a molt alt;2530,44;0;2530,44;H;N;A;--;--;S;S;30
0624;Pr•tesis de membre inferior;062433;Articulacions de genoll;PIL 010;Articulaci¢ de genoll endoesquelŠtica monocŠntrica per a adult;PIL 010G;Articulaci¢ de genoll endoesquelŠtica monocŠntrica hidr…ulica, amb control de la fase de balanceig;3227,33;0;3227,33;H;S;A;--;--;S;S;30
0624;Pr•tesis de membre inferior;062433;Articulacions de genoll;PIL 010;Articulaci¢ de genoll endoesquelŠtica monocŠntrica per a adult;PIL 010H;Articulaci¢ de genoll endoesquelŠtica monocŠntrica hidr…ulica, amb control de la fase de balanceig i de la frenada en la fase de recolzament;3901,46;0;3901,46;H;S;A;--;--;S;S;30
0624;Pr•tesis de membre inferior;062433;Articulacions de genoll;PIL 010;Articulaci¢ de genoll endoesquelŠtica monocŠntrica per a adult;PIL 010I;Articulaci¢ de genoll endoesquelŠtica amb sistema hidr…ulic rotatiu per a la fase de balanceig i per a la frenada en la fase de recolzament;4080,32;0;4080,32;H;S;A;--;--;S;S;30
0624;Pr•tesis de membre inferior;062433;Articulacions de genoll;PIL 020;Articulaci¢ de genoll endoesquelŠtica monocŠntrica pedi…trica;PIL 020A;Articulaci¢ de genoll endoesquelŠtica monocŠntrica mec…nica, amb dispositiu de recuperaci¢ de l'extensi¢, pedi…trica;989,26;0;989,26;H;N;A;--;--;S;S;30
0624;Pr•tesis de membre inferior;062433;Articulacions de genoll;PIL 030;Articulaci¢ de genoll endoesquelŠtica policŠntrica per a adult;PIL 030A;Articulaci¢ de genoll endoesquelŠtica policŠntrica mec…nica, d'entre tres i cinc eixos, amb dispositiu de recuperaci¢ de l'extensi¢;1436,81;0;1436,81;H;N;A;--;--;S;S;30
0624;Pr•tesis de membre inferior;062433;Articulacions de genoll;PIL 030;Articulaci¢ de genoll endoesquelŠtica policŠntrica per a adult;PIL 030B;Articulaci¢ de genoll endoesquelŠtica policŠntrica mec…nica, de m‚s de cinc eixos, amb dispositiu de recuperaci¢ de l'extensi¢;2159,53;0;2159,53;H;N;A;--;--;S;S;30
0624;Pr•tesis de membre inferior;062433;Articulacions de genoll;PIL 030;Articulaci¢ de genoll endoesquelŠtica policŠntrica per a adult;PIL 030C;Articulaci¢ de genoll endoesquelŠtica policŠntrica pneum…tica, amb control regulable de la fase de balanceig i bloqueig a la c…rrega;2210,32;0;2210,32;H;N;A;--;--;S;S;30
0624;Pr•tesis de membre inferior;062433;Articulacions de genoll;PIL 030;Articulaci¢ de genoll endoesquelŠtica policŠntrica per a adult;PIL 030D;Articulaci¢ de genoll endoesquelŠtica policŠntrica hidr…ulica, amb control de la fase de balanceig i de la frenada en la fase de recolzament. Especial prescripci¢.;4396,19;0;4396,19;H;S;A;--;--;S;S;30
0624;Pr•tesis de membre inferior;062433;Articulacions de genoll;PIL 040;Articulaci¢ de genoll endoesquelŠtica policŠntrica pedi…trica;PIL 040A;Articulaci¢ de genoll endoesquelŠtica policŠntrica mec…nica, amb dispositiu de recuperaci¢ de l'extensi¢, pedi…trica;2282,09;0;2282,09;H;N;A;--;--;S;S;30
0624;Pr•tesis de membre inferior;062433;Articulacions de genoll;PIL 040;Articulaci¢ de genoll endoesquelŠtica policŠntrica pedi…trica;PIL 040B;Articulaci¢ de genoll endoesquelŠtica policŠntrica hidr…ulica, amb control de la fase de balanceig i de la frenada en la fase de recolzament, pedi…trica;2528,85;0;2528,85;H;N;A;--;--;S;S;30
0624;Pr•tesis de membre inferior;062433;Articulacions de genoll;PIL 050;Articulaci¢ de genoll endoesquelŠtica per a monyons llargs o desarticulaci¢ de genoll;PIL 050A;Articulaci¢ de genoll endoesquelŠtica per a monyons llargs o desarticulaci¢ de genoll, mec…nica, de quatre eixos, amb bloqueig manual a voluntat;1599,87;0;1599,87;H;N;A;--;--;S;S;30
0624;Pr•tesis de membre inferior;062433;Articulacions de genoll;PIL 050;Articulaci¢ de genoll endoesquelŠtica per a monyons llargs o desarticulaci¢ de genoll;PIL 050B;Articulaci¢ de genoll endoesquelŠtica per a monyons llargs o desarticulaci¢ de genoll, mec…nica, de quatre eixos, amb dispositiu de recuperaci¢ de l'extensi¢, per a nivell d'activitat de baix a moderat;1531,07;0;1531,07;H;N;A;--;--;S;S;30
0624;Pr•tesis de membre inferior;062433;Articulacions de genoll;PIL 050;Articulaci¢ de genoll endoesquelŠtica per a monyons llargs o desarticulaci¢ de genoll;PIL 050C;Articulaci¢ de genoll endoesquelŠtica per a monyons llargs o desarticulaci¢ de genoll, mec…nica, de quatre eixos, amb dispositiu de recuperaci¢ de l'extensi¢, per a nivell d'activitat d'alt a molt alt;1436,9;0;1436,9;H;S;A;--;--;S;S;30
0624;Pr•tesis de membre inferior;062433;Articulacions de genoll;PIL 050;Articulaci¢ de genoll endoesquelŠtica per a monyons llargs o desarticulaci¢ de genoll;PIL 050D;Articulaci¢ de genoll endoesquelŠtica per a monyons llargs o desarticulaci¢ de genoll, pneum…tica, de quatre eixos, amb control regulable de la fase de balanceig;2441;0;2441;H;N;A;--;--;S;S;30
0624;Pr•tesis de membre inferior;062433;Articulacions de genoll;PIL 050;Articulaci¢ de genoll endoesquelŠtica per a monyons llargs o desarticulaci¢ de genoll;PIL 050E;Articulaci¢ de genoll endoesquelŠtica per a monyons llargs o desarticulaci¢ de genoll, pneum…tica, de quatre eixos, amb control regulable de la fase de balanceig i bloqueig a la c…rrega;2410,91;0;2410,91;H;N;A;--;--;S;S;30
0624;Pr•tesis de membre inferior;062433;Articulacions de genoll;PIL 050;Articulaci¢ de genoll endoesquelŠtica per a monyons llargs o desarticulaci¢ de genoll;PIL 050F;Articulaci¢ de genoll endoesquelŠtica per a monyons llargs o desarticulaci¢ de genoll, hidr…ulica, de quatre eixos, amb control regulable de la fase de balanceig;3098,97;0;3098,97;H;N;A;--;--;S;S;30
0624;Pr•tesis de membre inferior;062433;Articulacions de genoll;PIL 050;Articulaci¢ de genoll endoesquelŠtica per a monyons llargs o desarticulaci¢ de genoll;PIL 050G;Articulaci¢ de genoll endoesquelŠtica per a monyons llargs o desarticulaci¢ de genoll, hidr…ulica, de quatre eixos, amb control regulable de la fase de balanceig i de la frenada en la fase de recolzament;4396,19;0;4396,19;H;S;A;--;--;S;S;30
0624;Pr•tesis de membre inferior;062433;Articulacions de genoll;PIL 060;Articulaci¢ de genoll endoesquelŠtica monocŠntrica, amb control mitjan‡ant microprocessado;PIL 060A;Articulaci¢ de genoll endoesquelŠtica monocŠntrica, amb control mitjan‡ant microprocessador de la fase de balanceig i de la frenada en la fase de recolzament (especial prescripci¢ i d'acord amb un protocol);26412,32;0;26412,32;D;S;A;--;--;S;S;72
0624;Pr•tesis de membre inferior;062436;Articulacions de maluc;PID 000;Articulaci¢ de maluc endoesquelŠtica;PID 000A;Articulaci¢ de maluc endoesquelŠtica monocŠntrica lliure;623,03;0;623,03;H;N;A;--;--;S;S;30
0624;Pr•tesis de membre inferior;062436;Articulacions de maluc;PID 000;Articulaci¢ de maluc endoesquelŠtica;PID 000B;Articulaci¢ de maluc endoesquelŠtica monocŠntrica lliure, amb bloqueig manual a voluntat;750;0;750;H;N;A;--;--;S;S;30
0624;Pr•tesis de membre inferior;062436;Articulacions de maluc;PID 000;Articulaci¢ de maluc endoesquelŠtica;PID 000C;Articulaci¢ de maluc endoesquelŠtica monocŠntrica, amb dispositiu interior d'extensi¢ incorporat i amb sistema d'alineaci¢ i ancoratge anterior;1984,43;0;1984,43;H;N;A;--;--;S;S;30
0624;Pr•tesis de membre inferior;062436;Articulacions de maluc;PID 000;Articulaci¢ de maluc endoesquelŠtica;PID 000D;Articulaci¢ de maluc endoesquelŠtica monocŠntrica, amb assistent a l'extensi¢, pedi…trica;1022,09;0;1022,09;H;N;A;--;--;S;S;30
0624;Pr•tesis de membre inferior;062436;Articulacions de maluc;PID 000;Articulaci¢ de maluc endoesquelŠtica;PID 000E;Articulaci¢ de maluc endoesquelŠtica policŠntrica;5415,23;0;5415,23;H;S;A;--;--;S;S;30
0624;Pr•tesis de membre inferior;062448;Pr•tesis provisionals per a mobilitzaci¢ primerenca en amputaci¢ de membre inferior;PIM 000;Encaix provisional per a pr•tesi de membre inferior;PIM 000A;Encaix provisional per a pr•tesi de desarticulaci¢ de turmell. Inclou adaptaci¢ i alineaci¢;632,5;0;632,5;H;N;M;--;--;S;S;99
0624;Pr•tesis de membre inferior;062448;Pr•tesis provisionals per a mobilitzaci¢ primerenca en amputaci¢ de membre inferior;PIM 000;Encaix provisional per a pr•tesi de membre inferior;PIM 000B;Encaix provisional per a pr•tesi transtibial. Inclou adaptaci¢ i alineaci¢;854,59;0;854,59;H;N;M;--;--;S;S;99
0624;Pr•tesis de membre inferior;062448;Pr•tesis provisionals per a mobilitzaci¢ primerenca en amputaci¢ de membre inferior;PIM 000;Encaix provisional per a pr•tesi de membre inferior;PIM 000C;Encaix provisional per a pr•tesi de desarticulaci¢ de genoll. Inclou adaptaci¢ i alineaci¢;1050,28;0;1050,28;H;N;M;--;--;S;S;99
0624;Pr•tesis de membre inferior;062448;Pr•tesis provisionals per a mobilitzaci¢ primerenca en amputaci¢ de membre inferior;PIM 000;Encaix provisional per a pr•tesi de membre inferior;PIM 000D;Encaix provisional graduable per a pr•tesi transfemoral. Inclou adaptaci¢ i alineaci¢;1155;0;1155;H;N;M;--;--;S;S;99
0624;Pr•tesis de membre inferior;062448;Pr•tesis provisionals per a mobilitzaci¢ primerenca en amputaci¢ de membre inferior;PIM 000;Encaix provisional per a pr•tesi de membre inferior;PIM 000E;Encaix provisional per a pr•tesi de desarticulaci¢ de maluc. Inclou adaptaci¢ i alineaci¢;1320;0;1320;H;N;M;--;--;S;S;99
0624;Pr•tesis de membre inferior;062448;Pr•tesis provisionals per a mobilitzaci¢ primerenca en amputaci¢ de membre inferior;PIM 010;Beina (liner) conformadora i reductora de mony¢;PIM 010A;Beina (liner) conformadora i reductora de mony¢ per a amputaci¢ transtibial;357,5;0;357,5;H;N;A;--;--;S;N;6
0624;Pr•tesis de membre inferior;062448;Pr•tesis provisionals per a mobilitzaci¢ primerenca en amputaci¢ de membre inferior;PIM 010;Beina (liner) conformadora i reductora de mony¢;PIM 010B;Beina (liner) conformadora i reductora de mony¢ per a desarticulaci¢ de genoll;432,56;0;432,56;H;N;A;--;--;S;N;6
0624;Pr•tesis de membre inferior;062448;Pr•tesis provisionals per a mobilitzaci¢ primerenca en amputaci¢ de membre inferior;PIM 010;Beina (liner) conformadora i reductora de mony¢;PIM 010C;Beina (liner) conformadora i reductora de mony¢ per a amputaci¢ transfemoral;462;0;462;H;N;A;--;--;S;N;6
0624;Pr•tesis de membre inferior;062499;Components generals de les pr•tesis de membre inferior;PIG 900;Components generals dels sistemes de suspensi¢;PIG 900A;Llan‡adora amb pin per a pr•tesi de membre inferior;317,58;0;317,58;H;N;A;--;--;S;N;24
0624;Pr•tesis de membre inferior;062499;Components generals de les pr•tesis de membre inferior;PIG 900;Components generals dels sistemes de suspensi¢;PIG 900B;Pin per a llan‡adora per a pr•tesi de membre inferior;49,52;0;49,52;H;N;A;--;--;S;N;24
0624;Pr•tesis de membre inferior;062499;Components generals de les pr•tesis de membre inferior;PIG 900;Components generals dels sistemes de suspensi¢;PIG 900C;Llan‡adora amb cord¢ per a pr•tesi de membre inferior;121,99;0;121,99;H;N;A;--;--;S;N;12
0624;Pr•tesis de membre inferior;062499;Components generals de les pr•tesis de membre inferior;PIG 900;Components generals dels sistemes de suspensi¢;PIG 900D;Llan‡adora amb pin per a beina interna (liner) pedi…trica per a pr•tesi de membre inferior;242;0;242;H;N;A;--;--;S;N;24
0624;Pr•tesis de membre inferior;062499;Components generals de les pr•tesis de membre inferior;PIG 900;Components generals dels sistemes de suspensi¢;PIG 900E;Pin per a llan‡adora per a beina interna (liner) pedi…trica per a pr•tesi de membre inferior;48,29;0;48,29;H;N;A;--;--;S;N;24
0624;Pr•tesis de membre inferior;062499;Components generals de les pr•tesis de membre inferior;PIG 900;Components generals dels sistemes de suspensi¢;PIG 900F;Membrana de succi¢ hipob…rica per a pr•tesi de membre inferior;214,31;0;214,31;H;N;A;--;--;S;N;6
0624;Pr•tesis de membre inferior;062499;Components generals de les pr•tesis de membre inferior;PIG 910;Cobertes de teixit per a mony¢;PIG 910A;Mitja per sota del genoll per a pr•tesi de membre inferior;27,36;0;27,36;H;N;A;--;--;S;N;6
0624;Pr•tesis de membre inferior;062499;Components generals de les pr•tesis de membre inferior;PIG 910;Cobertes de teixit per a mony¢;PIG 910B;Mitja per sobre del genoll per a pr•tesi de membre inferior;35,01;0;35,01;H;N;A;--;--;S;N;6
0624;Pr•tesis de membre inferior;062499;Components generals de les pr•tesis de membre inferior;PIG 920;Coixinet;PIG 920A;Coixinets de silicona o gel per a pr•tesi de membre inferior;41,61;0;41,61;H;N;A;--;--;S;N;6
0624;Pr•tesis de membre inferior;062499;Components generals de les pr•tesis de membre inferior;PIG 930;Sistema BOA;PIG 930A;Sistema BOA per a encaix de pr•tesi de membre inferior;537,26;0;537,26;H;N;A;--;--;S;N;12
0624;Pr•tesis de membre inferior;062499;Components generals de les pr•tesis de membre inferior;PIG 940;Beina (liner) preparada per acoblar pin distal;PIG 940A;Beina (liner) de silicona preparada per acoblar pin distal per a pr•tesi transtibial;542,97;0;542,97;H;N;A;--;--;S;N;12
0624;Pr•tesis de membre inferior;062499;Components generals de les pr•tesis de membre inferior;PIG 940;Beina (liner) preparada per acoblar pin distal;PIG 940B;Beina (liner) en gel preparada per acoblar pin distal per a pr•tesi transtibial;469,45;0;469,45;H;N;A;--;--;S;N;12
0624;Pr•tesis de membre inferior;062499;Components generals de les pr•tesis de membre inferior;PIG 940;Beina (liner) preparada per acoblar pin distal;PIG 940C;Beina (liner) de silicona preparada per acoblar pin distal, pedi…trica, per a pr•tesi transtibial;838,82;0;838,82;H;N;A;--;--;S;N;12
0624;Pr•tesis de membre inferior;062499;Components generals de les pr•tesis de membre inferior;PIG 940;Beina (liner) preparada per acoblar pin distal;PIG 940D;Beina (liner) de silicona preparada per acoblar pin distal per a pr•tesi transfemoral;615,75;0;615,75;H;N;A;--;--;S;N;12
0624;Pr•tesis de membre inferior;062499;Components generals de les pr•tesis de membre inferior;PIG 940;Beina (liner) preparada per acoblar pin distal;PIG 940E;Beina (liner) en gel preparada per acoblar pin distal per a pr•tesi transfemoral;605,83;0;605,83;H;N;A;--;--;S;N;12
0624;Pr•tesis de membre inferior;062499;Components generals de les pr•tesis de membre inferior;PIG 940;Beina (liner) preparada per acoblar pin distal;PIG 940F;Beina (liner) de silicona preparada per acoblar pin distal, pedi…trica, per a pr•tesi transfemoral;838,82;0;838,82;H;N;A;--;--;S;N;12
0630;Altres pr•tesis que no pertanyen als membres;063018;Pr•tesis mam…ries en casos de traumatisme, malaltia o malformaci¢ congŠnita;PDM 000;Pr•tesi de mama externa inclosa, si ho precisa, la funda;PDM 000A;Pr•tesi mam…ria externa, en silicona s•lida;186,49;0;186,49;B;N;E;--;--;S;N;24
0630;Altres pr•tesis que no pertanyen als membres;063018;Pr•tesis mam…ries en casos de traumatisme, malaltia o malformaci¢ congŠnita;PDM 000;Pr•tesi de mama externa inclosa, si ho precisa, la funda;PDM 000B;Pr•tesi mam…ria externa, en silicona lleugera;200,52;0;200,52;B;N;E;--;--;S;N;24
0630;Altres pr•tesis que no pertanyen als membres;063018;Pr•tesis mam…ries en casos de traumatisme, malaltia o malformaci¢ congŠnita;PDM 000;Pr•tesi de mama externa inclosa, si ho precisa, la funda;PDM 000C;Pr•tesi mam…ria externa, en silicona ultralleugera;212,87;0;212,87;B;N;E;--;--;S;N;24
0630;Altres pr•tesis que no pertanyen als membres;063018;Pr•tesis mam…ries en casos de traumatisme, malaltia o malformaci¢ congŠnita;PDM 010;Pr•tesi parcial externa de mama;PDM 010A;Pr•tesi mam…ria parcial externa;161,7;0;161,7;B;N;A;--;--;S;N;24
0630;Altres pr•tesis que no pertanyen als membres;063030;Pr•tesis per a la restauraci¢ facial, incloent-hi les de nas i/o pavellons auriculars i/o ;PDC 000;Pr•tesi ocular;PDC 000A;Pr•tesi ocular externa per cavitat anoft…lmica (enumeraci¢ o evisceraci¢), a mida;1033,65;0;1033,65;H;N;M;--;--;S;S;24
0630;Altres pr•tesis que no pertanyen als membres;063030;Pr•tesis per a la restauraci¢ facial, incloent-hi les de nas i/o pavellons auriculars i/o ;PDC 000;Pr•tesi ocular;PDC 000B;Pr•tesi esclerocorneal per a cavitat no anoft…lmica, a mida;1215,84;0;1215,84;H;N;M;--;--;S;S;24
0630;Altres pr•tesis que no pertanyen als membres;063030;Pr•tesis per a la restauraci¢ facial, incloent-hi les de nas i/o pavellons auriculars i/o ;PDC 010;Pr•tesi de restauraci¢ d'•rbita;PDC 010A;Ep¡tesi de restauraci¢ d'•rbita no implantosuportada, a mida (inclou pr•tesi ocular);2067,35;0;2067,35;H;S;M;--;--;S;S;24
0630;Altres pr•tesis que no pertanyen als membres;063030;Pr•tesis per a la restauraci¢ facial, incloent-hi les de nas i/o pavellons auriculars i/o ;PDC 010;Pr•tesi de restauraci¢ d'•rbita;PDC 010B;Ep¡tesi de restauraci¢ d'•rbita implantosuportada amb dos implants, a mida (inclou pr•tesi ocular);3075,05;0;3075,05;H;S;M;--;--;S;S;24
0630;Altres pr•tesis que no pertanyen als membres;063030;Pr•tesis per a la restauraci¢ facial, incloent-hi les de nas i/o pavellons auriculars i/o ;PDC 020;Pr•tesi coneal;PDC 020A;Lent corneal protŠsica;556,37;0;556,37;H;S;A;--;--;S;S;12
0630;Altres pr•tesis que no pertanyen als membres;063030;Pr•tesis per a la restauraci¢ facial, incloent-hi les de nas i/o pavellons auriculars i/o ;PDC 022;Pr•tesis per a correcci¢ de l'af…quia;PDC 022A;Lent de contacte tova d'hidrogel de silicona (HiSi) amb o sense filtre blau, per a correcci¢ de l'af…quia en cataracta congŠnita infantil;150,70;0;150,70;H;S;A;--;--;S;S;3
0630;Altres pr•tesis que no pertanyen als membres;063030;Pr•tesis per a la restauraci¢ facial, incloent-hi les de nas i/o pavellons auriculars i/o ;PDC 022;Pr•tesis per a correcci¢ de l'af…quia;PDC 022B;Lent de contacte r¡gida de gas permeable, per a correcci¢ de l'af…quia en cataracta congŠnita infantil;300,30;0;300,30;H;S;A;--;--;S;S;12
0630;Altres pr•tesis que no pertanyen als membres;063030;Pr•tesis per a la restauraci¢ facial, incloent-hi les de nas i/o pavellons auriculars i/o ;PDC 030;Pavell¢ auricular;PDC 030A;Pr•tesi per a reconstrucci¢ de pavell¢ auricular no implantosuportada,  a mida;1503,95;0;1503,95;H;S;M;--;--;S;S;24
0630;Altres pr•tesis que no pertanyen als membres;063030;Pr•tesis per a la restauraci¢ facial, incloent-hi les de nas i/o pavellons auriculars i/o ;PDC 030;Pavell¢ auricular;PDC 030B;Pr•tesi per a reconstrucci¢ de pavell¢ auricular implantosuportada amb dos implants,  a mida;2512,35;0;2512,35;H;S;M;--;--;S;S;24
0630;Altres pr•tesis que no pertanyen als membres;063030;Pr•tesis per a la restauraci¢ facial, incloent-hi les de nas i/o pavellons auriculars i/o ;PDC 040;Pr•tesi de restauraci¢ del nas;PDC 040A;Ep¡tesi nasal no implantosuportada, a mida;1989,38;0;1989,38;H;S;M;--;--;S;S;24
0630;Altres pr•tesis que no pertanyen als membres;063030;Pr•tesis per a la restauraci¢ facial, incloent-hi les de nas i/o pavellons auriculars i/o ;PDC 040;Pr•tesi de restauraci¢ del nas;PDC 040B;Ep¡tesi nasal implantosuportada amb tres implants, a mida;3484,88;0;3484,88;H;S;M;--;--;S;S;24
0630;Altres pr•tesis que no pertanyen als membres;063030;Pr•tesis per a la restauraci¢ facial, incloent-hi les de nas i/o pavellons auriculars i/o ;PDC 050;Pr•tesi facial;PDC 050A;Ep¡tesi facial no implantosuportada per a petits defectes, a mida;550;0;550;H;S;M;--;--;S;S;24
0630;Altres pr•tesis que no pertanyen als membres;063030;Pr•tesis per a la restauraci¢ facial, incloent-hi les de nas i/o pavellons auriculars i/o ;PDC 060;Pr•tesi facial orbitonasal palatina;PDC 060A;Ep¡tesis facial orbitonasal palatina no implantosuportada, a mida;SP;0;SP;H;S;M;--;--;N;S;18
0630;Altres pr•tesis que no pertanyen als membres;063030;Pr•tesis per a la restauraci¢ facial, incloent-hi les de nas i/o pavellons auriculars i/o ;PDC 060;Pr•tesi facial orbitonasal palatina;PDC 060B;Ep¡tesi facial orbitonasal palatina implantosuportada, a mida;SP;0;SP;H;S;M;--;--;N;S;18
0630;Altres pr•tesis que no pertanyen als membres;063033;Pr•tesis de maxilúlars;PDP 000;Pr•tesi de maxilúlar superior;PDP 000A;Pr•tesi de maxilúlar superior no implantosuportada, a mida, per a malformacions congŠnites, grans traumatismes i processos oncol•gics, que afecten a la cavitat oral;SP;0;SP;H;S;M;--;--;N;S;18
0630;Altres pr•tesis que no pertanyen als membres;063033;Pr•tesis de maxilúlars;PDP 000;Pr•tesi de maxilúlar superior;PDP 000B;Pr•tesis de maxilúlar superior implantosuportada, a mida, per a pacients amb processos oncol•gics que afecten la cavitat oral que impliquin la pŠrdua de dents relacionada directament amb la patologia o el seu tractament, i pacients amb malformacions congŠnites que cursen amb anod•ncia (fisurats, displ…sia ectodŠrmica, s¡ndromes craniofacials, etc.);SP;0;SP;H;S;M;--;--;N;S;18
0630;Altres pr•tesis que no pertanyen als membres;063033;Pr•tesis de maxilúlars;PDP 010;Pr•tesi de maxilúlar inferior;PDP 010A;Pr•tesi de maxilúlar inferior no implantosuportada, a mida, per a malformacions congŠnites, grans traumatismes i processos oncol•gics, que afecten a la cavitat oral;SP;0;SP;H;S;M;--;--;N;S;18
0630;Altres pr•tesis que no pertanyen als membres;063033;Pr•tesis de maxilúlars;PDP 010;Pr•tesi de maxilúlar inferior;PDP 010B;Pr•tesis de maxil lar inferior implantosuportada, a mida, per a pacients amb processos oncol•gics que afecten la cavitat oral que impliquin la pŠrdua de dents relacionada directament amb la patologia o el seu tractament, i pacients amb malformacions congŠnites que cursen amb anod•ncia (fisurats, displ…sia ectodŠrmica, s¡ndromes craniofacials, etc.);SP;0;SP;H;S;M;--;--;N;S;18
0633;Cal‡ats ortopŠdics;063390;Cal‡at ortopedic per a grans deformitats;OCO 000;Cal‡at de Plastazote, licra, fibra el…stica o similar (parell);OCO 000A;Cal‡at ortopŠdic en Plastazote, licra, fibra el…stica o similar per a deformitats en peus diabŠtics, artr¡tics i neurop…tics (parell) );97,93;36;61,93;B;N;E;--;--;N;N;12
0633;Cal‡ats ortopŠdics;063390;Cal‡at ortopedic per a grans deformitats;OCO 010;Cal‡at a mida;OCO 010A;Cal‡at ortopŠdic, a mida, previ motlle, per a grans deformitats (parell)  (el cal‡at ha d?incloure tot el que sigui necessari per garantir la seva funcionalitat);728,56;36;692,56;H;S;M;--;--;N;S;12
0690;Ortopr•tesis per a agŠnesi;069000;Ortoprotesis per a agŠnesi;PPA 000;Ortopr•tesi per a agŠnesi longitudinal de membre inferior amb membre residual;PPA 000A;Ortopr•tesi endoesquelŠtica o exoesquelŠtica tibial amb encaix r¡gid i estructura per a agŠnesi amb membre residual, a mida (prescriure a m‚s un peu a elecci¢ i, si cal, un encaix intern, una articulaci¢ ortŠtica de genoll, una funda, una mitjaÿ o coberta cosmŠtica i una coberta de teixit per a mony¢);2600,14;0;2600,14;H;S;M;--;--;S;S;24
0690;Ortopr•tesis per a agŠnesi;069000;Ortoprotesis per a agŠnesi;PPA 000;Ortopr•tesi per a agŠnesi longitudinal de membre inferior amb membre residual;PPA 000B;Ortopr•tesi endoesquelŠtica o exoesquelŠtica femoral amb encaix r¡gid i estructura per a agŠnesi amb membre residual, a mida (prescriure a m‚s un encaix intern, una articulaci¢ de genoll, un peu a elecci¢ i, si cal, una funda, una mitja o coberta cosmŠtica i una coberta de teixit per a mony¢);3718;0;3718;H;S;M;--;--;S;S;24
1203;Productes de suport per caminar manejats per un bra‡;120309;Crosses de colze amb suport en avantbra‡;EMS 000;Crossa amb suport en avantbra‡ i empunyadura anat•mica;EMS 000A;Crossa amb suport en avantbra‡ i empunyadura anat•mica amb brida o sense (unitat);23,82;12;11,82;B;N;E;--;--;N;N;36
1203;Productes de suport per caminar manejats per un bra‡;120316;Bastons amb tres o m‚s potes;EMT 000;Crossa amb tres o m‚s potes;EMT 000A;Crossa amb tres o m‚s potes;44,97;12;32,97;B;N;E;--;--;N;N;36
1206;Productes de suport per caminar manejats pels dos bra‡os;120600;Caminadors;EAN 000;Caminador sense rodes;EAN 000A;Caminador fix regulable en al‡ada;75,53;30;45,53;P;N;E;--;--;N;N;36
1206;Productes de suport per caminar manejats pels dos bra‡os;120600;Caminadors;EAN 000;Caminador sense rodes;EAN 000B;Caminador plegable d'al‡ada regulable;82,4;30;52,4;P;N;E;--;--;N;N;36
1206;Productes de suport per caminar manejats pels dos bra‡os;120600;Caminadors;EAN 000;Caminador sense rodes;EAN 000C;Caminador deambulatori plegable d'al‡ada regulable;104,46;30;74,46;P;N;E;--;--;N;N;36
1206;Productes de suport per caminar manejats pels dos bra‡os;120600;Caminadors;EAN 010;Caminador amb rodes;EAN 010A;Caminador de rodes davanteres i tacs posteriors, per a nens i adults;93,91;30;63,91;P;N;E;--;--;N;N;36
1206;Productes de suport per caminar manejats pels dos bra‡os;120600;Caminadors;EAN 010;Caminador amb rodes;EAN 010B;Caminador de rodes davanteres i tacs posteriors amb seient, per a nens i adults;101,48;30;71,48;P;N;E;--;--;N;N;36
1206;Productes de suport per caminar manejats pels dos bra‡os;120600;Caminadors;EAN 010;Caminador amb rodes;EAN 010C;Caminador amb rodes davanteres girat•ries i posteriors amb fre, amb seient (rollator) o sense, per a nens i adults;130,52;30;100,52;P;N;E;--;--;N;N;36
1206;Productes de suport per caminar manejats pels dos bra‡os;120600;Caminadors;EAN 020;Caminador amb control postural de tronc i pelvis;EAN 020A;Caminador amb control postural de tronc i pelvis, graduable en al‡ada i amb fre, per a nens i adults;1414,01;30;1384,01;H;S;A;--;--;N;S;36
1206;Productes de suport per caminar manejats pels dos bra‡os;120600;Caminadors;EAN 030;Caminador anteroposterior;EAN 030A;Caminador anteroposterior graduable en al‡ada, amb seient abatible i fre, per a nens i adults;837,36;30;807,36;H;S;A;--;--;N;S;36
1222;Cadires de rodes de propulsi¢ manual;122200;Cadires de rodes manuals;SRM 000;Cadira de rodes manual no autopropulsable no plegable (r¡gida);SRM 000A;Cadira de rodes manual no autopropulsable no plegable (r¡gida), amb reposabra‡os desmuntables i/o abatibles i reposapeus abatibles i regulables;258,15;0;258,15;P;N;E;--;--;N;N;48
1222;Cadires de rodes de propulsi¢ manual;122200;Cadires de rodes manuals;SRM 000;Cadira de rodes manual no autopropulsable no plegable (r¡gida);SRM 000B;Cadira de rodes manual no autopropulsable no plegable (r¡gida), amb reposabra‡os desmuntables i/o abatibles i reposapeus abatibles i regulables, per a usuaris de m‚s de 130 kg;549,87;0;549,87;P;S;E;--;--;N;N;48
1222;Cadires de rodes de propulsi¢ manual;122200;Cadires de rodes manuals;SRM 010;Cadira de rodes manual no autopropulsable plegable;SRM 010A;Cadira de rodes manual no autopropulsable plegable, amb reposabra‡os desmuntables i/o abatibles i reposapeus abatibles i regulables;258,15;0;258,15;P;N;E;--;--;N;N;36
1222;Cadires de rodes de propulsi¢ manual;122200;Cadires de rodes manuals;SRM 010;Cadira de rodes manual no autopropulsable plegable;SRM 010B;Cadira de rodes manual no autopropulsable plegable, amb reposabra‡os desmuntables i/o abatibles i reposapeus abatibles i regulables, amb respatller reclinable;358,15;0;358,15;P;N;E;--;--;N;N;36
1222;Cadires de rodes de propulsi¢ manual;122200;Cadires de rodes manuals;SRM 010;Cadira de rodes manual no autopropulsable plegable;SRM 010C;Cadira de rodes manual no autopropulsable plegable, amb reposabra‡os desmuntables i/o abatibles i reposapeus abatibles i regulables, per a usuaris de m‚s de 130 kg;549,87;0;549,87;P;S;E;--;--;N;N;36
1222;Cadires de rodes de propulsi¢ manual;122200;Cadires de rodes manuals;SRM 020;Cadira de rodes manual no autopropulsable plegable o r¡gida, infantil;SRM 020A;Cadira de rodes manual no autopropulsable plegable, infantil, per a alteracions funcionals, tipus paraigua;515,17;0;515,17;H;S;E;--;--;N;N;24
1222;Cadires de rodes de propulsi¢ manual;122200;Cadires de rodes manuals;SRM 020;Cadira de rodes manual no autopropulsable plegable o r¡gida, infantil;SRM 020B;Cadira de rodes manual no autopropulsable, desmuntable, de plegat en llibre, basculant, infantil ajustable al creixement del nen o nena;1618,94;0;1618,94;H;S;A;--;--;N;S;24
1222;Cadires de rodes de propulsi¢ manual;122200;Cadires de rodes manuals;SRM 020;Cadira de rodes manual no autopropulsable plegable o r¡gida, infantil;SRM 020C;Cadira de rodes manual no autopropulsable, plegable o r¡gida, basculant, infantil, per a alteracions neurol•giques greus;2146,79;0;2146,79;H;S;A;--;--;N;S;24
1222;Cadires de rodes de propulsi¢ manual;122200;Cadires de rodes manuals;SRM 030;Cadira de rodes manual autopropulsable no plegable (r¡gida);SRM 030A;Cadira de rodes manual autopropulsable no plegable (r¡gida), amb reposabra‡os desmuntables i/o abatibles i reposapeus abatibles i regulables;258,15;0;258,15;P;N;E;--;--;N;N;36
1222;Cadires de rodes de propulsi¢ manual;122200;Cadires de rodes manuals;SRM 030;Cadira de rodes manual autopropulsable no plegable (r¡gida);SRM 030B;Cadira de rodes manual autopropulsable no plegable (r¡gida), amb reposabra‡os desmuntables i/o abatibles i reposapeus abatibles i regulables, per a usuaris de m‚s de 130 kg;549,87;0;549,87;P;S;E;--;--;N;N;36
1222;Cadires de rodes de propulsi¢ manual;122200;Cadires de rodes manuals;SRM 030;Cadira de rodes manual autopropulsable no plegable (r¡gida);SRM 030C;Cadira de rodes manual autopropulsable no plegable (r¡gida), de verticalitzaci¢, amb sistema de subjecci¢ al genoll, per a usuaris actius amb lesi¢ medulúlar congŠnita o adquirida i antecedents d'£lcera per dec£bit recidivant tot i tractament quir£rgic (especial prescripci¢);3157,55;0;3157,55;D;S;A;--;--;N;N;36
1222;Cadires de rodes de propulsi¢ manual;122200;Cadires de rodes manuals;SRM 030;Cadira de rodes manual autopropulsable no plegable (r¡gida);SRM 030D;Cadira de rodes manual autopropulsable no plegable (r¡gida), amb reposabra‡os desmuntables i/o abatibles i /o protectors de roba, reposapeus fixos o abatibles i regulables, amb rodes de desmuntatge r…pid, de material lleuger per a usuaris actius, amb patologia medulúlar de qualsevol etiologia o malalties neuromusculars (especial prescripci¢);2000,85;0;2000,85;D;S;A;--;--;N;N;36
1222;Cadires de rodes de propulsi¢ manual;122200;Cadires de rodes manuals;SRM 040;Cadira de rodes manual autopropulsable plegable;SRM 040A;Cadira de rodes manual autopropulsable i plegable, amb reposabra‡os desmuntables i/o abatibles i reposapeus abatibles i regulables;258,15;0;258,15;P;N;E;--;--;N;N;36
1222;Cadires de rodes de propulsi¢ manual;122200;Cadires de rodes manuals;SRM 040;Cadira de rodes manual autopropulsable plegable;SRM 040B;Cadira de rodes manual autopropulsable i plegable, amb reposabra‡os desmuntables i/o abatibles i reposapeus abatibles i regulables, amb respatller reclinable;478,85;0;478,85;B;N;E;--;--;N;N;36
1222;Cadires de rodes de propulsi¢ manual;122200;Cadires de rodes manuals;SRM 040;Cadira de rodes manual autopropulsable plegable;SRM 040C;Cadira de rodes manual autopropulsable i plegable, amb reposabra‡os desmuntables i/o abatibles i reposapeus abatibles i regulables, per a usuaris de m‚s de 130 kg;549,87;0;549,87;P;S;E;--;--;N;N;24
1222;Cadires de rodes de propulsi¢ manual;122200;Cadires de rodes manuals;SRM 040;Cadira de rodes manual autopropulsable plegable;SRM 040D;Cadira de rodes manual autopropulsable i plegable, amb reposabra‡os desmuntables i/o abatibles i reposapeus abatibles i regulables, amb rodes de desmuntatge r…pid, de material lleuger;413,23;0;413,23;B;N;A;--;--;N;N;36
1222;Cadires de rodes de propulsi¢ manual;122200;Cadires de rodes manuals;SRM 040;Cadira de rodes manual autopropulsable plegable;SRM 040E;Cadira de rodes manual autopropulsable i plegable, amb reposabra‡os desmuntables i/o abatibles i reposapeus abatibles i regulables, amb rodes de desmuntatge r…pid, de material lleuger, infantil;900;0;900;H;S;A;--;--;N;N;36
1222;Cadires de rodes de propulsi¢ manual;122200;Cadires de rodes manuals;SRM 040;Cadira de rodes manual autopropulsable plegable;SRM 040F;Cadira de rodes manual autopropulsable i plegable, amb reposabra‡os desmuntables i/o abatibles, reposapeus abatibles i regulables, amb rodes de desmuntatge r…pid, de material lleuger per a usuaris actius, amb patologia medulúlar de qualsevol etiologia o malalties neuromusculars (especial prescripci¢);2000,85;0;2000,85;H;S;A;--;--;N;N;36
1222;Cadires de rodes de propulsi¢ manual;122200;Cadires de rodes manuals;SRM 050;Xass¡s i cadira basculant per a alteracions neurol•giques greus;SRM 050A;Xass¡s posicionador basculant, incloent-hi rodes i frens, susceptible d'adaptacions especials, per a alteracions neurol•giques greus (especial prescripci¢);1604,08;0;1604,08;H;S;A;--;--;N;N;36
1222;Cadires de rodes de propulsi¢ manual;122200;Cadires de rodes manuals;SRM 050;Xass¡s i cadira basculant per a alteracions neurol•giques greus;SRM 050B;Xass¡s posicionador basculant, de material lleuger, incloent-hi rodes i frens, susceptible d'adaptacions especials, per a alteracions neurol•giques greus (especial prescripci¢);1936;0;1936;H;S;A;--;--;N;N;36
1222;Cadires de rodes de propulsi¢ manual;122200;Cadires de rodes manuals;SRM 050;Xass¡s i cadira basculant per a alteracions neurol•giques greus;SRM 050C;Cadira basculant, amb seient i respatller reclinable, reposacaps, reposabra‡os extra‹bles, reposapeus elevables, i control postural de tronc, per a alteracions neurol•giques greus (especial prescripci¢);2574,79;0;2574,79;H;S;A;--;--;N;S;36
1222;Cadires de rodes de propulsi¢ manual;122200;Cadires de rodes manuals;SRM 999;Cadira de rodes manual per a persones d'elevada obesitat ;SRM 999X;Cadira de rodes manual i a mida per a persones d'elevada obesitat i que no puguin utilitzar els tipus SRM000B, SRM010C,SRM030B i SRM040C;SP;0;SP;B;S;M;--;--;N;N;48
1223;Cadires de rodes motoritzades;122306;Cadires de rodes de propulsi¢ elŠctrica i direcci¢ elŠctrica;SRE 000;Cadira de rodes elŠctrica;SRE 000A;Cadira de rodes elŠctrica est…ndard;3520;0;3520;H;S;A;--;--;N;S;48
1223;Cadires de rodes motoritzades;122306;Cadires de rodes de propulsi¢ elŠctrica i direcci¢ elŠctrica;SRE 000;Cadira de rodes elŠctrica;SRE 000B;Cadira de rodes elŠctrica, infantil;4015;0;4015;H;S;A;--;--;N;S;48
1223;Cadires de rodes motoritzades;122306;Cadires de rodes de propulsi¢ elŠctrica i direcci¢ elŠctrica;SRE 000;Cadira de rodes elŠctrica;SRE 000C;Cadira de rodes elŠctrica, per a usuaris de m‚s de 130 kg;4725,72;0;4725,72;H;S;A;--;--;N;S;60
1223;Cadires de rodes motoritzades;122306;Cadires de rodes de propulsi¢ elŠctrica i direcci¢ elŠctrica;SRE 000;Cadira de rodes elŠctrica;SRE 000D;Cadira de rodes elŠctrica, amb basculaci¢ manual;4125;0;4125;H;S;A;--;--;N;S;60
1223;Cadires de rodes motoritzades;122306;Cadires de rodes de propulsi¢ elŠctrica i direcci¢ elŠctrica;SRE 000;Cadira de rodes elŠctrica;SRE 000E;Cadira de rodes elŠctrica, amb basculaci¢ manual, infantil;4620;0;4620;H;S;A;--;--;N;S;60
1223;Cadires de rodes motoritzades;122306;Cadires de rodes de propulsi¢ elŠctrica i direcci¢ elŠctrica;SRE 000;Cadira de rodes elŠctrica;SRE 000F;Cadira de rodes elŠctrica, amb basculaci¢ electr•nica;4455;0;4455;H;S;A;--;--;N;S;60
1223;Cadires de rodes motoritzades;122306;Cadires de rodes de propulsi¢ elŠctrica i direcci¢ elŠctrica;SRE 000;Cadira de rodes elŠctrica;SRE 000G;Cadira de rodes elŠctrica, amb basculaci¢ electr•nica, infantil;4950;0;4950;H;S;A;--;--;N;S;60
1224;Accessoris per a cadires de rodes;122415;Taules o safates port…tils;SAB 000;Safata desmuntable especial;SAB 000A;Safata desmuntable especial;117,29;0;117,29;B;N;A;--;--;N;N;36
1224;Accessoris per a cadires de rodes;122424;Bateries;SAT 000;Bateria per a cadira de rodes elŠctrica;SAT 000A;Bateria per a cadira de rodes elŠctrica (parell) de menys de 50 A;416,05;0;416,05;H;N;A;--;--;N;N;12
1224;Accessoris per a cadires de rodes;122424;Bateries;SAT 000;Bateria per a cadira de rodes elŠctrica;SAT 000B;Bateria per a cadira de rodes elŠctrica (parell) de 50 A;460,05;0;460,05;H;N;A;--;--;N;N;12
1224;Accessoris per a cadires de rodes;122424;Bateries;SAT 000;Bateria per a cadira de rodes elŠctrica;SAT 000C;Bateria per a cadira de rodes elŠctrica (parell) de 60 A;566,37;0;566,37;H;N;A;--;--;N;N;12
1224;Accessoris per a cadires de rodes;122424;Bateries;SAT 000;Bateria per a cadira de rodes elŠctrica;SAT 000D;Bateria per a cadira de rodes elŠctrica (parell) de 70 A;668,23;0;668,23;H;N;A;--;--;N;N;12
1224;Accessoris per a cadires de rodes;122489;Altres accessoris per a cadires de rodes;SRA 000;Suport postural per a cadira de rodes, inclosos tacs i corretges;SRA 000A;Suports laterals per al cap (parell);156,06;0;156,06;B;N;A;--;--;N;N;24
1224;Accessoris per a cadires de rodes;122489;Altres accessoris per a cadires de rodes;SRA 000;Suport postural per a cadira de rodes, inclosos tacs i corretges;SRA 000B;Suports laterals per al tronc fixes (parell);127,05;0;127,05;B;N;A;--;--;N;N;24
1224;Accessoris per a cadires de rodes;122489;Altres accessoris per a cadires de rodes;SRA 000;Suport postural per a cadira de rodes, inclosos tacs i corretges;SRA 000C;Suports laterals per al tronc abatibles (parell);166;0;166;B;N;A;--;--;N;N;24
1224;Accessoris per a cadires de rodes;122489;Altres accessoris per a cadires de rodes;SRA 000;Suport postural per a cadira de rodes, inclosos tacs i corretges;SRA 000D;Falca anivelladora de pelvis (unitat);59,33;0;59,33;B;N;A;--;--;N;N;24
1224;Accessoris per a cadires de rodes;122489;Altres accessoris per a cadires de rodes;SRA 000;Suport postural per a cadira de rodes, inclosos tacs i corretges;SRA 000E;Tac abductor (unitat);70,93;0;70,93;B;N;A;--;--;N;N;24
1224;Accessoris per a cadires de rodes;122489;Altres accessoris per a cadires de rodes;SRA 000;Suport postural per a cadira de rodes, inclosos tacs i corretges;SRA 000F;Cingla per al cap;63,87;0;63,87;B;N;A;--;--;N;N;24
1224;Accessoris per a cadires de rodes;122489;Altres accessoris per a cadires de rodes;SRA 000;Suport postural per a cadira de rodes, inclosos tacs i corretges;SRA 000G;Armilla de fixaci¢;101,92;0;101,92;P;N;A;--;--;N;N;24
1224;Accessoris per a cadires de rodes;122489;Altres accessoris per a cadires de rodes;SRA 000;Suport postural per a cadira de rodes, inclosos tacs i corretges;SRA 000H;ArnŠs d'espatlles;90;0;90;B;N;A;--;--;N;N;24
1224;Accessoris per a cadires de rodes;122489;Altres accessoris per a cadires de rodes;SRA 000;Suport postural per a cadira de rodes, inclosos tacs i corretges;SRA 000I;Cintur¢ de 4 punts;88,07;0;88,07;P;N;A;--;--;N;N;24
1224;Accessoris per a cadires de rodes;122489;Altres accessoris per a cadires de rodes;SRA 000;Suport postural per a cadira de rodes, inclosos tacs i corretges;SRA 000J;Cintur¢ o arnŠs pelvi…;125,09;0;125,09;P;N;A;--;--;N;N;24
1224;Accessoris per a cadires de rodes;122489;Altres accessoris per a cadires de rodes;SRA 000;Suport postural per a cadira de rodes, inclosos tacs i corretges;SRA 000K;Cingles per a peus (parell);53,76;0;53,76;P;N;A;--;--;N;N;24
1224;Accessoris per a cadires de rodes;122489;Altres accessoris per a cadires de rodes;SRA 000;Suport postural per a cadira de rodes, inclosos tacs i corretges;SRA 000L;Suport de fluid (unitat);62;0;62;P;N;A;--;--;N;N;24
1224;Accessoris per a cadires de rodes;122489;Altres accessoris per a cadires de rodes;SRA 010;Reposacaps;SRA 010A;Reposacaps fix;85,01;0;85,01;P;N;A;--;--;N;N;24
1224;Accessoris per a cadires de rodes;122489;Altres accessoris per a cadires de rodes;SRA 010;Reposacaps;SRA 010B;Reposacaps amb suport occipital o total, fix o orientable;187,14;0;187,14;B;N;A;--;--;N;N;24
1224;Accessoris per a cadires de rodes;122489;Altres accessoris per a cadires de rodes;SRA 010;Reposacaps;SRA 010C;Reposacaps amb suport occipital o total, orientable amb bra‡ d'una articulaci¢ ajustable en al‡ada i profunditat;495;0;495;H;N;A;--;--;N;N;24
1224;Accessoris per a cadires de rodes;122489;Altres accessoris per a cadires de rodes;SRA 010;Reposacaps;SRA 010D;Reposacaps amb suport occipital o total, orientable amb bra‡ colzat de dues articulacions, ajustable en al‡ada i profunditat;610,67;0;610,67;H;N;A;--;--;N;S;24
1224;Accessoris per a cadires de rodes;122489;Altres accessoris per a cadires de rodes;SRA 020;Sistema per autopropulsi¢ amb un sol bra‡;SRA 020A;Sistema de doble anella per autopropulsi¢ amb un sol bra‡;383,7;0;383,7;H;N;A;--;--;N;N;36
1224;Accessoris per a cadires de rodes;122489;Altres accessoris per a cadires de rodes;SRA 020;Sistema per autopropulsi¢ amb un sol bra‡;SRA 020B;Palanca;431,26;0;431,26;H;N;A;--;--;N;N;36
1224;Accessoris per a cadires de rodes;122489;Altres accessoris per a cadires de rodes;SRA 030;Altres accessoris;SRA 030A;Comandament especial de ment¢ per a cadira de rodes elŠctrica;1552,57;0;1552,57;H;S;A;--;--;N;S;48
1224;Accessoris per a cadires de rodes;122489;Altres accessoris per a cadires de rodes;SRA 030;Altres accessoris;SRA 030B;Un altre comandament especial per a cadira de rodes elŠctrica, d'acord amb els protocols dels responsables de prestaci¢ ortoprotŠtica (especial prescripci¢);SP;0;SP;D;S;A;--;--;N;S;48
1224;Accessoris per a cadires de rodes;122489;Altres accessoris per a cadires de rodes;SRA 030;Altres accessoris;SRA 030C;Sistema doble amputat;65,85;0;65,85;P;N;A;--;--;N;N;36
1224;Accessoris per a cadires de rodes;122489;Altres accessoris per a cadires de rodes;SRA 030;Altres accessoris;SRA 030D;Dispositiu especial per a respirador;162;0;162;B;N;A;--;--;N;N;36
1224;Accessoris per a cadires de rodes;122489;Altres accessoris per a cadires de rodes;SRA 030;Altres accessoris;SRA 030E;Dispositiu per bombona d'oxigen;83,78;0;83,78;P;N;A;--;--;N;N;36
1224;Accessoris per a cadires de rodes;122489;Altres accessoris per a cadires de rodes;SRA 030;Altres accessoris;SRA 030F;Pujavoreres per a cadira de rodes elŠctrica;216,84;0;216,84;H;N;A;--;--;N;N;48
1224;Accessoris per a cadires de rodes;122489;Altres accessoris per a cadires de rodes;SRA 030;Altres accessoris;SRA 030G;Roda antibolcada per a cadira de rodes manual;49,62;0;49,62;B;N;A;--;--;N;N;36
1224;Accessoris per a cadires de rodes;122489;Altres accessoris per a cadires de rodes;SRA 030;Altres accessoris;SRA 030H;Allargador de fre;20;0;20;P;N;A;--;--;N;N;36
1224;Accessoris per a cadires de rodes;122489;Altres accessoris per a cadires de rodes;SRA 030;Altres accessoris;SRA 030I;Base r¡gida per a cadira de rodes;51,49;0;51,49;B;N;A;--;--;N;N;36
1224;Accessoris per a cadires de rodes;122490;Recanvis i components per a cadires de rodes;SRC 000;Reposabra‡os especial;SRC 000A;Reposabra‡os  (d'un bra‡) de cassoleta;108,63;0;108,63;B;N;A;--;--;N;N;36
1224;Accessoris per a cadires de rodes;122490;Recanvis i components per a cadires de rodes;SRC 000;Reposabra‡os especial;SRC 000B;Reposabra‡os (d'un bra‡) envoltant amb suport palmar;151,75;0;151,75;B;N;A;--;--;N;N;36
1224;Accessoris per a cadires de rodes;122490;Recanvis i components per a cadires de rodes;SRC 000;Reposabra‡os especial;SRC 000C;Reposabra‡os (d'un bra‡) regulable en al‡ada;129,38;0;129,38;B;N;A;--;--;N;N;36
1224;Accessoris per a cadires de rodes;122490;Recanvis i components per a cadires de rodes;SRC 010;Reposapeus especial;SRC 010A;Reposapeus £nic;103;0;103;B;N;A;--;--;N;N;36
1224;Accessoris per a cadires de rodes;122490;Recanvis i components per a cadires de rodes;SRC 010;Reposapeus especial;SRC 010B;Reposapeus amb cassoleta (parell);193;0;193;B;N;A;--;--;N;N;36
1224;Accessoris per a cadires de rodes;122490;Recanvis i components per a cadires de rodes;SRC 010;Reposapeus especial;SRC 010C;Reposapeus amb elevaci¢ manual per a cadira de rodes manual o elŠctrica (parell);313,92;0;313,92;B;N;A;--;--;N;N;36
1224;Accessoris per a cadires de rodes;122490;Recanvis i components per a cadires de rodes;SRC 010;Reposapeus especial;SRC 010D;Reposapeus amb elevaci¢ elŠctrica per a cadira de rodes elŠctriques (parell);843,76;0;843,76;H;N;A;--;--;N;N;36
1224;Accessoris per a cadires de rodes;122490;Recanvis i components per a cadires de rodes;SRC 020;Seient-respatller postural amb carcassa, a mida;SRC 020A;Seient-respatller postural amb carcassa, a mida previ motlle;2500;0;2500;H;S;M;--;--;N;S;24
1224;Accessoris per a cadires de rodes;122490;Recanvis i components per a cadires de rodes;SRC 020;Seient-respatller postural amb carcassa, a mida;SRC 020B;Seient postural amb carcassa, a mida previ motlle;1291,64;0;1291,64;H;S;M;--;--;N;S;24
1224;Accessoris per a cadires de rodes;122490;Recanvis i components per a cadires de rodes;SRC 020;Seient-respatller postural amb carcassa, a mida;SRC 020C;Respatller postural amb carcassa, a mida previ motlle;1320;0;1320;H;S;M;--;--;N;S;24
1224;Accessoris per a cadires de rodes;122490;Recanvis i components per a cadires de rodes;SRC 030;Seient-respatller postural, a mida;SRC 030A;Plataforma r¡gida ajustable per a seient postural modular;238,5;0;238,5;H;S;A;--;--;N;S;36
1224;Accessoris per a cadires de rodes;122490;Recanvis i components per a cadires de rodes;SRC 030;Seient-respatller postural, a mida;SRC 030B;Seient postural modular;754;0;754;H;S;A;--;--;N;S;24
1224;Accessoris per a cadires de rodes;122490;Recanvis i components per a cadires de rodes;SRC 030;Seient-respatller postural, a mida;SRC 030C;Suport postural modular;847;0;847;H;S;A;--;--;N;S;24
2206;Pr•tesis auditives;220600;Audi•fons per a pacients hipoac£sics, de zero a vint-i-sis anys d'edat;PAA 000;Audi•fon digital intra-auricular;PAA 000A;Audi•fon intra-auricular IIC (invisible in the canal);1500;0;1500;H;S;A;0;26;S;S;48
2206;Pr•tesis auditives;220600;Audi•fons per a pacients hipoac£sics, de zero a vint-i-sis anys d'edat;PAA 000;Audi•fon digital intra-auricular;PAA 000B;Audi•fon intra-auricular CIC (completely in the canal);1500;0;1500;H;S;A;0;26;S;S;48
2206;Pr•tesis auditives;220600;Audi•fons per a pacients hipoac£sics, de zero a vint-i-sis anys d'edat;PAA 000;Audi•fon digital intra-auricular;PAA 000C;Audi•fon intra-auricular ITC (in the canal);1500;0;1500;H;S;A;0;26;S;S;48
2206;Pr•tesis auditives;220600;Audi•fons per a pacients hipoac£sics, de zero a vint-i-sis anys d'edat;PAA 000;Audi•fon digital intra-auricular;PAA 000D;Audi•fon intra-auricular ITE (in the ear);1500;0;1500;H;S;A;0;26;S;S;48
2206;Pr•tesis auditives;220600;Audi•fons per a pacients hipoac£sics, de zero a vint-i-sis anys d'edat;PAA 010;Audi•fon digital retro-auricular;PAA 010A;Audi•fon retro-auricular RITE/RIC (receiver in the ear/canal);1200;0;1200;H;S;A;0;26;S;S;60
2206;Pr•tesis auditives;220600;Audi•fons per a pacients hipoac£sics, de zero a vint-i-sis anys d'edat;PAA 010;Audi•fon digital retro-auricular;PAA 010B;Audi•fon retro-auricular BTE (behind the ear);1200;0;1200;H;S;A;0;26;S;S;48
2206;Pr•tesis auditives;220600;Audi•fons per a pacients hipoac£sics, de zero a vint-i-sis anys d'edat;PAA 010;Audi•fon digital retro-auricular;PAA 010C;Audi•fon retro-auricular BTE super-potent (power);1200;0;1200;H;S;A;0;26;S;S;48
2206;Pr•tesis auditives;220600;Audi•fons per a pacients hipoac£sics, de zero a vint-i-sis anys d'edat;PAA 020;Sistema BICROS;PAA 020A;Sistema BICROS d'audi•fon intra-auricular;2250;0;2250;H;S;A;0;26;S;S;48
2206;Pr•tesis auditives;220600;Audi•fons per a pacients hipoac£sics, de zero a vint-i-sis anys d'edat;PAA 020;Sistema BICROS;PAA 020B;Sistema BICROS d'audi•fon retro-auricular;1800;0;1800;H;S;A;0;26;S;S;60
2206;Pr•tesis auditives;220600;Audi•fons per a pacients hipoac£sics, de zero a vint-i-sis anys d'edat;PAA 030;Barnilla i diadema;PAA 030A;Barnilla o diadema auditiva aŠria/•ssia ;1200;0;1200;H;S;A;0;26;S;S;60
2206;Pr•tesis auditives;220690;Audi•fons per a pacients hipoac£sics, de zero a vint-i-sis anys d'edat;PAM 000;Motlle adaptador per audi•fon;PAM 000A;Motlle adaptador per a audi•fon retro-auricular BTE/BTE super potent (unitat);33;0;33;H;N;A;0;26;S;N;24
2206;Pr•tesis auditives;220690;Audi•fons per a pacients hipoac£sics, de zero a vint-i-sis anys d'edat;PAM 000;Motlle adaptador per audi•fon;PAM 000B;Micromotlle per a audi•fon retro-auricular RITE/RIC (unitat);44;0;44;H;N;A;0;26;S;N;24
2206;Pr•tesis auditives;220690;Audi•fons per a pacients hipoac£sics, de zero a vint-i-sis anys d'edat;PAM 000;Motlle adaptador per audi•fon;PAM 000C;Motlle amb auricular integrat per a audi•fon retro-auricular RITE/RIC (unitat);121;0;121;H;N;A;0;26;S;N;24
2206;Pr•tesis auditives;220690;Audi•fons per a pacients hipoac£sics, de zero a vint-i-sis anys d'edat;PAM 010;Altres components per a audi•fons;PAM 010A;Tub auricular per a audi•fon retro-auricular RITE/RIC (inclou adaptador est…ndard);77;0;77;H;N;A;0;26;S;N;12
2206;Pr•tesis auditives;220699;Audi•fons per a pacients hipoac£sics, de zero a vint-i-sis anys d'edat;PAI 020;Altres components externs per implant coclear;PAI 020A;Micr•fon per implant coclear;176;0;176;D;N;E;--;--;S;N;48
2206;Pr•tesis auditives;220699;Audi•fons per a pacients hipoac£sics, de zero a vint-i-sis anys d'edat;PAI 020;Altres components externs per implant coclear;PAI 020B;Antena/bobina amb imant per a implant coclear;367,5;0;367,5;D;N;E;--;--;S;N;24
2206;Pr•tesis auditives;220699;Audi•fons per a pacients hipoac£sics, de zero a vint-i-sis anys d'edat;PAI 020;Altres components externs per implant coclear;PAI 020C;Cable per a soluci¢ corporal per a implant coclear, per a infants i per a usuaris amb caracter¡stiques especials;152,88;0;152,88;D;N;E;--;--;S;N;24
2206;Pr•tesis auditives;220699;Audi•fons per a pacients hipoac£sics, de zero a vint-i-sis anys d'edat;PAI 020;Altres components externs per implant coclear;PAI 020D;Cable per a soluci¢ retroauricular per a implant coclear;115,01;0;115,01;D;N;E;--;--;S;N;24
2206;Pr•tesis auditives;220699;Audi•fons per a pacients hipoac£sics, de zero a vint-i-sis anys d'edat;PAI 040;Altres components externs per implant de tronc cerebral;PAI 040A;Micr•fon per a implant de tronc cerebral;176;0;176;D;N;E;--;--;S;N;48
2206;Pr•tesis auditives;220699;Audi•fons per a pacients hipoac£sics, de zero a vint-i-sis anys d'edat;PAI 040;Altres components externs per implant de tronc cerebral;PAI 040B;Antena/bobina per a implant de tronc cerebral;367,5;0;367,5;D;N;E;--;--;S;N;24
2206;Pr•tesis auditives;220699;Audi•fons per a pacients hipoac£sics, de zero a vint-i-sis anys d'edat;PAI 040;Altres components externs per implant de tronc cerebral;PAI 040C;Cable per a soluci¢ corporal per a implant de tronc cerebral, per a infants i per a usuaris amb caracter¡stiques especials;152,88;0;152,88;D;N;E;--;--;S;N;24
2206;Pr•tesis auditives;220699;Audi•fons per a pacients hipoac£sics, de zero a vint-i-sis anys d'edat;PAI 040;Altres components externs per implant de tronc cerebral;PAI 040D;Cable per a soluci¢ retroauricular per a implant de tronc cerebral;115,01;0;115,01;D;N;E;--;--;S;N;24
;;;;;;;;;;;;;;;;;;
;;;;;;;;;;;;;;;;;;
;;;;;;;;;;;;;;;;;;
;;;;;;;;;;;;;;;;;;
;;;;;;;;;;;;;;;;;;
;;;;;;;;;;;;;;;;;;
;;;;;;;;;;;;;;;;;;
;;;;;;;;;;;;;;;;;;
;;;;;;;;;;;;;;;;;;
;;;;;;;;;;;;;;;;;;
;;;;;;;;;;;;;;;;;;
;;;;;;;;;;;;;;;;;;
;;;;;;;;;;;;;;;;;;
;;;;;;;;;;;;;;;;;;
;;;;;;;;;;;;;;;;;;
;;;;;;;;;;;;;;;;;;
;;;;;;;;;;;;;;;;;;
;;;;;;;;;;;;;;;;;;
;;;;;;;;;;;;;;;;;;
;;;;;;;;;;;;;;;;;;
